participant_code,device,session_start,trial_index,is_practice,condition,correct_response,prime,target,response,correct,rt_ms,focus_lost
0MLC8R,desktop,2026-09-01T20:33:38.701Z,1,true,associated,yes,north,south,yes,true,880,false
0MLC8R,desktop,2026-09-01T20:33:38.701Z,2,true,unassociated,yes,apple,door,yes,true,964,false
0MLC8R,desktop,2026-09-01T20:33:38.701Z,3,true,unassociated,yes,shirt,river,yes,true,990,false
0MLC8R,desktop,2026-09-01T20:33:38.701Z,4,true,nonword,no,trink,house,no,true,972,false
0MLC8R,desktop,2026-09-01T20:33:38.701Z,5,true,associated,yes,coffee,tea,yes,true,898,false
0MLC8R,desktop,2026-09-01T20:33:38.701Z,6,true,nonword,no,lamp,gorp,no,true,1035,false
0MLC8R,desktop,2026-09-01T20:33:38.701Z,7,false,unassociated,yes,bride,saucer,yes,true,593,false
0MLC8R,desktop,2026-09-01T20:33:38.701Z,8,false,nonword,no,blick,darp,no,true,777,false
0MLC8R,desktop,2026-09-01T20:33:38.701Z,9,false,nonword,no,pencil,naight,no,true,880,false
0MLC8R,desktop,2026-09-01T20:33:38.701Z,10,false,associated,yes,knife,fork,yes,true,879,false
0MLC8R,desktop,2026-09-01T20:33:38.701Z,11,false,associated,yes,king,queen,yes,true,662,false
0MLC8R,desktop,2026-09-01T20:33:38.701Z,12,false,nonword,no,candle,wab,yes,false,1152,false
0MLC8R,desktop,2026-09-01T20:33:38.701Z,13,false,nonword,no,dinner,threed,no,true,1001,false
0MLC8R,desktop,2026-09-01T20:33:38.701Z,14,false,unassociated,yes,thunder,paper,yes,true,628,false
0MLC8R,desktop,2026-09-01T20:33:38.701Z,15,false,associated,yes,husband,wife,no,false,748,false
0MLC8R,desktop,2026-09-01T20:33:38.701Z,16,false,nonword,no,paner,narse,no,true,770,false
0MLC8R,desktop,2026-09-01T20:33:38.701Z,17,false,associated,yes,cat,dog,no,false,697,false
0MLC8R,desktop,2026-09-01T20:33:38.701Z,18,false,nonword,no,jacket,pelper,no,true,861,false
0MLC8R,desktop,2026-09-01T20:33:38.701Z,19,false,unassociated,yes,pen,night,yes,true,928,false
0MLC8R,desktop,2026-09-01T20:33:38.701Z,20,false,unassociated,yes,day,white,yes,true,1034,false
0MLC8R,desktop,2026-09-01T20:33:38.701Z,21,false,nonword,no,thumber,mether,no,true,1287,false
0MLC8R,desktop,2026-09-01T20:33:38.701Z,22,false,associated,yes,table,chair,yes,true,651,false
0MLC8R,desktop,2026-09-01T20:33:38.701Z,23,false,nonword,no,crade,kez,no,true,712,false
0MLC8R,desktop,2026-09-01T20:33:38.701Z,24,false,nonword,no,flim,letter,no,true,725,false
0MLC8R,desktop,2026-09-01T20:33:38.701Z,25,false,nonword,no,borl,bottle,no,true,878,false
0MLC8R,desktop,2026-09-01T20:33:38.701Z,26,false,nonword,no,music,groop,no,true,784,false
0MLC8R,desktop,2026-09-01T20:33:38.701Z,27,false,nonword,no,moin,wibe,yes,false,1220,false
0MLC8R,desktop,2026-09-01T20:33:38.701Z,28,false,unassociated,yes,black,sock,yes,true,848,false
0MLC8R,desktop,2026-09-01T20:33:38.701Z,29,false,associated,yes,sun,moon,yes,true,1040,false
0MLC8R,desktop,2026-09-01T20:33:38.701Z,30,false,nonword,no,graib,window,no,true,895,false
0MLC8R,desktop,2026-09-01T20:33:38.701Z,31,false,associated,yes,lock,key,no,false,791,false
0MLC8R,desktop,2026-09-01T20:33:38.701Z,32,false,associated,yes,salt,pepper,yes,true,721,false
0MLC8R,desktop,2026-09-01T20:33:38.701Z,33,false,unassociated,yes,bread,web,yes,true,798,false
0MLC8R,desktop,2026-09-01T20:33:38.701Z,34,false,nonword,no,brend,saucel,no,true,839,false
0MLC8R,desktop,2026-09-01T20:33:38.701Z,35,false,unassociated,yes,cup,groom,yes,true,707,false
0MLC8R,desktop,2026-09-01T20:33:38.701Z,36,false,nonword,no,chaif,silver,yes,false,808,false
0MLC8R,desktop,2026-09-01T20:33:38.701Z,37,false,nonword,no,engine,scok,no,true,914,false
0MLC8R,desktop,2026-09-01T20:33:38.701Z,38,false,nonword,no,hant,market,no,true,868,false
0MLC8R,desktop,2026-09-01T20:33:38.701Z,39,false,nonword,no,vosk,wallet,no,true,1065,false
0MLC8R,desktop,2026-09-01T20:33:38.701Z,40,false,associated,yes,doctor,nurse,yes,true,704,false
0MLC8R,desktop,2026-09-01T20:33:38.701Z,41,false,nonword,no,dorg,planet,no,true,1012,false
0MLC8R,desktop,2026-09-01T20:33:38.701Z,42,false,nonword,no,sturn,plome,no,true,3000,false
0MLC8R,desktop,2026-09-01T20:33:38.701Z,43,false,unassociated,yes,shoe,thread,yes,true,914,false
0MLC8R,desktop,2026-09-01T20:33:38.701Z,44,false,nonword,no,fonk,velvet,yes,false,652,false
0MLC8R,desktop,2026-09-01T20:33:38.701Z,45,false,unassociated,yes,boy,lightning,yes,true,529,false
0MLC8R,desktop,2026-09-01T20:33:38.701Z,46,false,unassociated,yes,needle,girl,yes,true,683,false
0MLC8R,desktop,2026-09-01T20:33:38.701Z,47,false,nonword,no,tunnel,quing,no,true,736,false
0MLC8R,desktop,2026-09-01T20:33:38.701Z,48,false,associated,yes,mother,father,yes,true,598,false
0MLC8R,desktop,2026-09-01T20:33:38.701Z,49,false,associated,yes,hand,foot,yes,true,763,false
0MLC8R,desktop,2026-09-01T20:33:38.701Z,50,false,unassociated,yes,hot,butter,yes,true,951,false
0MLC8R,desktop,2026-09-01T20:33:38.701Z,51,false,nonword,no,cald,nammer,no,true,801,false
0MLC8R,desktop,2026-09-01T20:33:38.701Z,52,false,nonword,no,yellow,trell,no,true,901,false
0MLC8R,desktop,2026-09-01T20:33:38.701Z,53,false,associated,yes,hammer,nail,yes,true,798,false
0MLC8R,desktop,2026-09-01T20:33:38.701Z,54,false,unassociated,yes,spider,cold,yes,true,1045,false
1900NJ,touch,2026-09-01T20:33:53.466Z,1,true,unassociated,yes,shirt,river,yes,true,842,false
1900NJ,touch,2026-09-01T20:33:53.466Z,2,true,associated,yes,coffee,tea,yes,true,755,false
1900NJ,touch,2026-09-01T20:33:53.466Z,3,true,associated,yes,north,south,yes,true,715,false
1900NJ,touch,2026-09-01T20:33:53.466Z,4,true,nonword,no,lamp,gorp,no,true,1091,false
1900NJ,touch,2026-09-01T20:33:53.466Z,5,true,nonword,no,trink,house,no,true,785,false
1900NJ,touch,2026-09-01T20:33:53.466Z,6,true,unassociated,yes,apple,door,yes,true,765,false
1900NJ,touch,2026-09-01T20:33:53.466Z,7,false,nonword,no,groop,mether,no,true,757,false
1900NJ,touch,2026-09-01T20:33:53.466Z,8,false,associated,yes,knife,fork,yes,true,683,false
1900NJ,touch,2026-09-01T20:33:53.466Z,9,false,unassociated,yes,cat,foot,yes,true,713,false
1900NJ,touch,2026-09-01T20:33:53.466Z,10,false,associated,yes,spider,web,yes,true,707,false
1900NJ,touch,2026-09-01T20:33:53.466Z,11,false,unassociated,yes,husband,key,yes,true,881,false
1900NJ,touch,2026-09-01T20:33:53.466Z,12,false,unassociated,yes,cup,dog,yes,true,554,false
1900NJ,touch,2026-09-01T20:33:53.466Z,13,false,unassociated,yes,thunder,white,yes,true,662,false
1900NJ,touch,2026-09-01T20:33:53.466Z,14,false,nonword,no,letter,narse,no,true,715,false
1900NJ,touch,2026-09-01T20:33:53.466Z,15,false,associated,yes,table,chair,yes,true,747,false
1900NJ,touch,2026-09-01T20:33:53.466Z,16,false,associated,yes,needle,thread,yes,true,468,false
1900NJ,touch,2026-09-01T20:33:53.466Z,17,false,nonword,no,darp,velvet,yes,false,1118,false
1900NJ,touch,2026-09-01T20:33:53.466Z,18,false,nonword,no,rocket,thumber,no,true,679,false
1900NJ,touch,2026-09-01T20:33:53.466Z,19,false,nonword,no,basket,graib,no,true,703,false
1900NJ,touch,2026-09-01T20:33:53.466Z,20,false,associated,yes,mother,father,yes,true,568,false
1900NJ,touch,2026-09-01T20:33:53.466Z,21,false,unassociated,yes,bride,saucer,yes,true,560,false
1900NJ,touch,2026-09-01T20:33:53.466Z,22,false,associated,yes,shoe,sock,yes,true,666,false
1900NJ,touch,2026-09-01T20:33:53.466Z,23,false,nonword,no,pelper,candle,no,true,672,false
1900NJ,touch,2026-09-01T20:33:53.466Z,24,false,nonword,no,nammer,yellow,yes,false,857,false
1900NJ,touch,2026-09-01T20:33:53.466Z,25,false,nonword,no,quing,kez,yes,false,1005,false
1900NJ,touch,2026-09-01T20:33:53.466Z,26,false,associated,yes,king,queen,yes,true,578,false
1900NJ,touch,2026-09-01T20:33:53.466Z,27,false,nonword,no,market,naight,no,true,721,false
1900NJ,touch,2026-09-01T20:33:53.466Z,28,false,nonword,no,planet,paner,no,true,989,false
1900NJ,touch,2026-09-01T20:33:53.466Z,29,false,nonword,no,brend,wibe,no,true,743,false
1900NJ,touch,2026-09-01T20:33:53.466Z,30,false,associated,yes,salt,pepper,yes,true,531,false
1900NJ,touch,2026-09-01T20:33:53.466Z,31,false,unassociated,yes,day,girl,yes,true,670,false
1900NJ,touch,2026-09-01T20:33:53.466Z,32,false,nonword,no,engine,sturn,no,true,866,false
1900NJ,touch,2026-09-01T20:33:53.466Z,33,false,unassociated,yes,sun,groom,yes,true,764,false
1900NJ,touch,2026-09-01T20:33:53.466Z,34,false,associated,yes,hammer,nail,yes,true,705,false
1900NJ,touch,2026-09-01T20:33:53.466Z,35,false,unassociated,yes,boy,nurse,yes,true,869,false
1900NJ,touch,2026-09-01T20:33:53.466Z,36,false,nonword,no,flim,threed,no,true,661,false
1900NJ,touch,2026-09-01T20:33:53.466Z,37,false,nonword,no,crade,forest,no,true,1002,false
1900NJ,touch,2026-09-01T20:33:53.466Z,38,false,nonword,no,hant,vosk,no,true,721,false
1900NJ,touch,2026-09-01T20:33:53.466Z,39,false,unassociated,yes,doctor,wife,yes,true,812,false
1900NJ,touch,2026-09-01T20:33:53.466Z,40,false,nonword,no,dorg,fonk,no,true,841,false
1900NJ,touch,2026-09-01T20:33:53.466Z,41,false,associated,yes,pen,paper,yes,true,511,false
1900NJ,touch,2026-09-01T20:33:53.466Z,42,false,unassociated,yes,hand,moon,yes,true,929,false
1900NJ,touch,2026-09-01T20:33:53.466Z,43,false,nonword,no,tunnel,moin,no,true,881,false
1900NJ,touch,2026-09-01T20:33:53.466Z,44,false,nonword,no,jacket,plome,no,true,1045,false
1900NJ,touch,2026-09-01T20:33:53.466Z,45,false,nonword,no,blick,cald,yes,false,924,false
1900NJ,touch,2026-09-01T20:33:53.466Z,46,false,unassociated,yes,black,night,yes,true,908,false
1900NJ,touch,2026-09-01T20:33:53.466Z,47,false,nonword,no,borl,trell,yes,false,1053,false
1900NJ,touch,2026-09-01T20:33:53.466Z,48,false,nonword,no,scok,music,no,true,764,false
1900NJ,touch,2026-09-01T20:33:53.466Z,49,false,nonword,no,wab,dinner,no,true,747,false
1900NJ,touch,2026-09-01T20:33:53.466Z,50,false,associated,yes,bread,butter,yes,true,741,false
1900NJ,touch,2026-09-01T20:33:53.466Z,51,false,nonword,no,saucel,pillow,no,true,917,false
1900NJ,touch,2026-09-01T20:33:53.466Z,52,false,associated,yes,hot,cold,yes,true,544,false
1900NJ,touch,2026-09-01T20:33:53.466Z,53,false,unassociated,yes,lock,lightning,yes,true,824,false
1900NJ,touch,2026-09-01T20:33:53.466Z,54,false,nonword,no,chaif,wallet,no,true,847,false
3J454B,desktop,2026-09-01T20:34:49.872Z,1,true,unassociated,yes,shirt,river,yes,true,1008,false
3J454B,desktop,2026-09-01T20:34:49.872Z,2,true,nonword,no,trink,house,no,true,883,false
3J454B,desktop,2026-09-01T20:34:49.872Z,3,true,associated,yes,north,south,yes,true,748,false
3J454B,desktop,2026-09-01T20:34:49.872Z,4,true,nonword,no,lamp,gorp,no,true,809,false
3J454B,desktop,2026-09-01T20:34:49.872Z,5,true,unassociated,yes,apple,door,no,false,798,false
3J454B,desktop,2026-09-01T20:34:49.872Z,6,true,associated,yes,coffee,tea,yes,true,881,false
3J454B,desktop,2026-09-01T20:34:49.872Z,7,false,nonword,no,silver,pelper,no,true,874,false
3J454B,desktop,2026-09-01T20:34:49.872Z,8,false,associated,yes,salt,pepper,yes,true,999,false
3J454B,desktop,2026-09-01T20:34:49.872Z,9,false,associated,yes,cup,saucer,yes,true,719,false
3J454B,desktop,2026-09-01T20:34:49.872Z,10,false,associated,yes,hammer,nail,yes,true,739,false
3J454B,desktop,2026-09-01T20:34:49.872Z,11,false,nonword,no,plome,rocket,no,true,684,false
3J454B,desktop,2026-09-01T20:34:49.872Z,12,false,associated,yes,thunder,lightning,yes,true,703,false
3J454B,desktop,2026-09-01T20:34:49.872Z,13,false,associated,yes,doctor,nurse,yes,true,644,false
3J454B,desktop,2026-09-01T20:34:49.872Z,14,false,associated,yes,hot,cold,yes,true,649,false
3J454B,desktop,2026-09-01T20:34:49.872Z,15,false,nonword,no,pencil,graib,no,true,656,false
3J454B,desktop,2026-09-01T20:34:49.872Z,16,false,nonword,no,kez,borl,no,true,682,false
3J454B,desktop,2026-09-01T20:34:49.872Z,17,false,nonword,no,flim,wallet,no,true,774,false
3J454B,desktop,2026-09-01T20:34:49.872Z,18,false,nonword,no,vosk,basket,no,true,856,false
3J454B,desktop,2026-09-01T20:34:49.872Z,19,false,nonword,no,cald,candle,no,true,603,false
3J454B,desktop,2026-09-01T20:34:49.872Z,20,false,nonword,no,yellow,blick,no,true,603,false
3J454B,desktop,2026-09-01T20:34:49.872Z,21,false,unassociated,yes,table,girl,yes,true,5496,false
3J454B,desktop,2026-09-01T20:34:49.872Z,22,false,unassociated,yes,bread,paper,no,false,891,false
3J454B,desktop,2026-09-01T20:34:49.872Z,23,false,unassociated,yes,mother,wife,yes,true,787,false
3J454B,desktop,2026-09-01T20:34:49.872Z,24,false,nonword,no,brend,monkey,no,true,5830,false
3J454B,desktop,2026-09-01T20:34:49.872Z,25,false,unassociated,yes,knife,key,yes,true,701,false
3J454B,desktop,2026-09-01T20:34:49.872Z,26,false,nonword,no,bottle,fonk,no,true,659,false
3J454B,desktop,2026-09-01T20:34:49.872Z,27,false,nonword,no,garden,wab,no,true,850,false
3J454B,desktop,2026-09-01T20:34:49.872Z,28,false,unassociated,yes,boy,father,yes,true,712,false
3J454B,desktop,2026-09-01T20:34:49.872Z,29,false,nonword,no,sturn,saucel,no,true,997,false
3J454B,desktop,2026-09-01T20:34:49.872Z,30,false,nonword,no,dorg,chaif,yes,false,810,false
3J454B,desktop,2026-09-01T20:34:49.872Z,31,false,nonword,no,mether,paner,no,true,956,false
3J454B,desktop,2026-09-01T20:34:49.872Z,32,false,associated,yes,hand,foot,no,false,857,false
3J454B,desktop,2026-09-01T20:34:49.872Z,33,false,associated,yes,shoe,sock,yes,true,596,false
3J454B,desktop,2026-09-01T20:34:49.872Z,34,false,nonword,no,engine,quing,no,true,890,false
3J454B,desktop,2026-09-01T20:34:49.872Z,35,false,associated,yes,king,queen,yes,true,886,false
3J454B,desktop,2026-09-01T20:34:49.872Z,36,false,associated,yes,sun,moon,yes,true,499,false
3J454B,desktop,2026-09-01T20:34:49.872Z,37,false,nonword,no,narse,market,no,true,665,false
3J454B,desktop,2026-09-01T20:34:49.872Z,38,false,nonword,no,darp,scok,no,true,787,false
3J454B,desktop,2026-09-01T20:34:49.872Z,39,false,unassociated,yes,pen,night,yes,true,647,false
3J454B,desktop,2026-09-01T20:34:49.872Z,40,false,unassociated,yes,lock,web,,false,,false
3J454B,desktop,2026-09-01T20:34:49.872Z,41,false,unassociated,yes,bride,fork,yes,true,583,false
3J454B,desktop,2026-09-01T20:34:49.872Z,42,false,nonword,no,window,hant,no,true,687,false
3J454B,desktop,2026-09-01T20:34:49.872Z,43,false,unassociated,yes,black,butter,yes,true,861,false
3J454B,desktop,2026-09-01T20:34:49.872Z,44,false,associated,yes,needle,thread,yes,true,823,false
3J454B,desktop,2026-09-01T20:34:49.872Z,45,false,nonword,no,velvet,thumber,no,true,545,false
3J454B,desktop,2026-09-01T20:34:49.872Z,46,false,unassociated,yes,day,white,yes,true,617,false
3J454B,desktop,2026-09-01T20:34:49.872Z,47,false,nonword,no,nammer,groop,no,true,879,false
3J454B,desktop,2026-09-01T20:34:49.872Z,48,false,associated,yes,cat,dog,yes,true,521,false
3J454B,desktop,2026-09-01T20:34:49.872Z,49,false,nonword,no,naight,ladder,no,true,739,false
3J454B,desktop,2026-09-01T20:34:49.872Z,50,false,nonword,no,threed,trell,no,true,718,false
3J454B,desktop,2026-09-01T20:34:49.872Z,51,false,nonword,no,wibe,tunnel,no,true,456,false
3J454B,desktop,2026-09-01T20:34:49.872Z,52,false,nonword,no,moin,crade,no,true,713,false
3J454B,desktop,2026-09-01T20:34:49.872Z,53,false,unassociated,yes,husband,groom,yes,true,771,false
3J454B,desktop,2026-09-01T20:34:49.872Z,54,false,unassociated,yes,spider,chair,yes,true,752,false
4IO9RU,desktop,2026-09-01T20:36:10.337Z,1,true,associated,yes,north,south,yes,true,729,false
4IO9RU,desktop,2026-09-01T20:36:10.337Z,2,true,nonword,no,lamp,gorp,no,true,746,false
4IO9RU,desktop,2026-09-01T20:36:10.337Z,3,true,unassociated,yes,shirt,river,yes,true,874,false
4IO9RU,desktop,2026-09-01T20:36:10.337Z,4,true,associated,yes,coffee,tea,yes,true,885,false
4IO9RU,desktop,2026-09-01T20:36:10.337Z,5,true,unassociated,yes,apple,door,yes,true,889,false
4IO9RU,desktop,2026-09-01T20:36:10.337Z,6,true,nonword,no,trink,house,no,true,761,false
4IO9RU,desktop,2026-09-01T20:36:10.337Z,7,false,associated,yes,black,white,yes,true,519,false
4IO9RU,desktop,2026-09-01T20:36:10.337Z,8,false,nonword,no,candle,chaif,no,true,995,false
4IO9RU,desktop,2026-09-01T20:36:10.337Z,9,false,nonword,no,market,blick,no,true,811,false
4IO9RU,desktop,2026-09-01T20:36:10.337Z,10,false,nonword,no,tunnel,cald,no,true,831,false
4IO9RU,desktop,2026-09-01T20:36:10.337Z,11,false,nonword,no,wab,narse,no,true,771,false
4IO9RU,desktop,2026-09-01T20:36:10.337Z,12,false,associated,yes,thunder,lightning,yes,true,626,false
4IO9RU,desktop,2026-09-01T20:36:10.337Z,13,false,unassociated,yes,needle,chair,yes,true,700,false
4IO9RU,desktop,2026-09-01T20:36:10.337Z,14,false,nonword,no,music,threed,no,true,710,false
4IO9RU,desktop,2026-09-01T20:36:10.337Z,15,false,associated,yes,lock,key,yes,true,555,false
4IO9RU,desktop,2026-09-01T20:36:10.337Z,16,false,nonword,no,flim,forest,no,true,735,false
4IO9RU,desktop,2026-09-01T20:36:10.337Z,17,false,associated,yes,cat,dog,yes,true,886,false
4IO9RU,desktop,2026-09-01T20:36:10.337Z,18,false,nonword,no,dinner,fonk,no,true,756,false
4IO9RU,desktop,2026-09-01T20:36:10.337Z,19,false,nonword,no,sturn,bottle,no,true,908,false
4IO9RU,desktop,2026-09-01T20:36:10.337Z,20,false,nonword,no,hant,wallet,no,true,670,false
4IO9RU,desktop,2026-09-01T20:36:10.337Z,21,false,associated,yes,shoe,sock,yes,true,866,false
4IO9RU,desktop,2026-09-01T20:36:10.337Z,22,false,associated,yes,salt,pepper,yes,true,616,false
4IO9RU,desktop,2026-09-01T20:36:10.337Z,23,false,nonword,no,thumber,plome,no,true,716,false
4IO9RU,desktop,2026-09-01T20:36:10.337Z,24,false,nonword,no,graib,pelper,no,true,779,false
4IO9RU,desktop,2026-09-01T20:36:10.337Z,25,false,unassociated,yes,day,nail,yes,true,896,false
4IO9RU,desktop,2026-09-01T20:36:10.337Z,26,false,nonword,no,silver,crade,no,true,958,false
4IO9RU,desktop,2026-09-01T20:36:10.337Z,27,false,nonword,no,mether,planet,no,true,819,false
4IO9RU,desktop,2026-09-01T20:36:10.337Z,28,false,unassociated,yes,hot,web,no,false,917,false
4IO9RU,desktop,2026-09-01T20:36:10.337Z,29,false,unassociated,yes,king,father,yes,true,645,false
4IO9RU,desktop,2026-09-01T20:36:10.337Z,30,false,unassociated,yes,table,nurse,yes,true,738,false
4IO9RU,desktop,2026-09-01T20:36:10.337Z,31,false,unassociated,yes,cup,thread,yes,true,592,false
4IO9RU,desktop,2026-09-01T20:36:10.337Z,32,false,nonword,no,scok,borl,no,true,808,false
4IO9RU,desktop,2026-09-01T20:36:10.337Z,33,false,unassociated,yes,doctor,moon,yes,true,969,false
4IO9RU,desktop,2026-09-01T20:36:10.337Z,34,false,nonword,no,dorg,monkey,no,true,834,false
4IO9RU,desktop,2026-09-01T20:36:10.337Z,35,false,associated,yes,hand,foot,yes,true,655,false
4IO9RU,desktop,2026-09-01T20:36:10.337Z,36,false,nonword,no,saucel,brend,no,true,988,false
4IO9RU,desktop,2026-09-01T20:36:10.337Z,37,false,nonword,no,kez,wibe,,false,,false
4IO9RU,desktop,2026-09-01T20:36:10.337Z,38,false,associated,yes,bride,groom,yes,true,761,false
4IO9RU,desktop,2026-09-01T20:36:10.337Z,39,false,associated,yes,pen,paper,yes,true,737,false
4IO9RU,desktop,2026-09-01T20:36:10.337Z,40,false,associated,yes,knife,fork,yes,true,607,false
4IO9RU,desktop,2026-09-01T20:36:10.337Z,41,false,unassociated,yes,husband,night,yes,true,691,false
4IO9RU,desktop,2026-09-01T20:36:10.337Z,42,false,unassociated,yes,hammer,saucer,yes,true,721,false
4IO9RU,desktop,2026-09-01T20:36:10.337Z,43,false,unassociated,yes,sun,wife,yes,true,3991,false
4IO9RU,desktop,2026-09-01T20:36:10.337Z,44,false,unassociated,yes,mother,cold,yes,true,598,false
4IO9RU,desktop,2026-09-01T20:36:10.337Z,45,false,nonword,no,moin,nammer,no,true,1024,false
4IO9RU,desktop,2026-09-01T20:36:10.337Z,46,false,unassociated,yes,spider,queen,yes,true,630,false
4IO9RU,desktop,2026-09-01T20:36:10.337Z,47,false,nonword,no,pillow,quing,no,true,733,false
4IO9RU,desktop,2026-09-01T20:36:10.337Z,48,false,nonword,no,vosk,darp,no,true,746,false
4IO9RU,desktop,2026-09-01T20:36:10.337Z,49,false,associated,yes,boy,girl,yes,true,752,false
4IO9RU,desktop,2026-09-01T20:36:10.337Z,50,false,nonword,no,groop,engine,no,true,786,false
4IO9RU,desktop,2026-09-01T20:36:10.337Z,51,false,nonword,no,paner,letter,no,true,863,false
4IO9RU,desktop,2026-09-01T20:36:10.337Z,52,false,nonword,no,naight,yellow,no,true,676,false
4IO9RU,desktop,2026-09-01T20:36:10.337Z,53,false,associated,yes,bread,butter,yes,true,775,false
4IO9RU,desktop,2026-09-01T20:36:10.337Z,54,false,nonword,no,velvet,trell,no,true,931,false
50XK26,desktop,2026-09-01T20:38:45.595Z,1,true,nonword,no,lamp,gorp,no,true,769,false
50XK26,desktop,2026-09-01T20:38:45.595Z,2,true,unassociated,yes,apple,door,yes,true,1103,false
50XK26,desktop,2026-09-01T20:38:45.595Z,3,true,associated,yes,coffee,tea,yes,true,1402,false
50XK26,desktop,2026-09-01T20:38:45.595Z,4,true,unassociated,yes,shirt,river,yes,true,946,false
50XK26,desktop,2026-09-01T20:38:45.595Z,5,true,associated,yes,north,south,yes,true,964,false
50XK26,desktop,2026-09-01T20:38:45.595Z,6,true,nonword,no,trink,house,no,true,899,false
50XK26,desktop,2026-09-01T20:38:45.595Z,7,false,unassociated,yes,boy,butter,yes,true,875,false
50XK26,desktop,2026-09-01T20:38:45.595Z,8,false,nonword,no,wab,velvet,no,true,787,false
50XK26,desktop,2026-09-01T20:38:45.595Z,9,false,nonword,no,threed,market,no,true,778,false
50XK26,desktop,2026-09-01T20:38:45.595Z,10,false,nonword,no,monkey,flim,no,true,1213,false
50XK26,desktop,2026-09-01T20:38:45.595Z,11,false,nonword,no,window,crade,no,true,810,false
50XK26,desktop,2026-09-01T20:38:45.595Z,12,false,associated,yes,needle,thread,yes,true,1199,false
50XK26,desktop,2026-09-01T20:38:45.595Z,13,false,nonword,no,thumber,vosk,no,true,793,false
50XK26,desktop,2026-09-01T20:38:45.595Z,14,false,unassociated,yes,doctor,foot,yes,true,743,false
50XK26,desktop,2026-09-01T20:38:45.595Z,15,false,nonword,no,candle,trell,no,true,1110,false
50XK26,desktop,2026-09-01T20:38:45.595Z,16,false,associated,yes,table,chair,yes,true,679,false
50XK26,desktop,2026-09-01T20:38:45.595Z,17,false,associated,yes,mother,father,yes,true,815,false
50XK26,desktop,2026-09-01T20:38:45.595Z,18,false,unassociated,yes,hand,dog,yes,true,654,false
50XK26,desktop,2026-09-01T20:38:45.595Z,19,false,unassociated,yes,husband,pepper,yes,true,705,false
50XK26,desktop,2026-09-01T20:38:45.595Z,20,false,associated,yes,king,queen,yes,true,826,false
50XK26,desktop,2026-09-01T20:38:45.595Z,21,false,nonword,no,groop,engine,no,true,676,false
50XK26,desktop,2026-09-01T20:38:45.595Z,22,false,unassociated,yes,bride,web,yes,true,864,false
50XK26,desktop,2026-09-01T20:38:45.595Z,23,false,nonword,no,darp,rocket,no,true,1031,false
50XK26,desktop,2026-09-01T20:38:45.595Z,24,false,nonword,no,fonk,mether,no,true,1281,false
50XK26,desktop,2026-09-01T20:38:45.595Z,25,false,associated,yes,pen,paper,yes,true,627,false
50XK26,desktop,2026-09-01T20:38:45.595Z,26,false,nonword,no,brend,plome,no,true,762,false
50XK26,desktop,2026-09-01T20:38:45.595Z,27,false,unassociated,yes,salt,night,yes,true,995,false
50XK26,desktop,2026-09-01T20:38:45.595Z,28,false,nonword,no,yellow,quing,no,true,817,false
50XK26,desktop,2026-09-01T20:38:45.595Z,29,false,nonword,no,carpet,kez,no,true,729,false
50XK26,desktop,2026-09-01T20:38:45.595Z,30,false,nonword,no,jacket,wibe,no,true,967,false
50XK26,desktop,2026-09-01T20:38:45.595Z,31,false,nonword,no,nammer,wallet,no,true,800,false
50XK26,desktop,2026-09-01T20:38:45.595Z,32,false,unassociated,yes,bread,groom,yes,true,767,false
50XK26,desktop,2026-09-01T20:38:45.595Z,33,false,nonword,no,scok,music,no,true,967,false
50XK26,desktop,2026-09-01T20:38:45.595Z,34,false,associated,yes,black,white,no,false,684,false
50XK26,desktop,2026-09-01T20:38:45.595Z,35,false,unassociated,yes,cat,girl,yes,true,701,false
50XK26,desktop,2026-09-01T20:38:45.595Z,36,false,unassociated,yes,spider,wife,yes,true,885,false
50XK26,desktop,2026-09-01T20:38:45.595Z,37,false,nonword,no,sturn,planet,no,true,798,false
50XK26,desktop,2026-09-01T20:38:45.595Z,38,false,associated,yes,thunder,lightning,yes,true,615,false
50XK26,desktop,2026-09-01T20:38:45.595Z,39,false,nonword,no,dorg,borl,no,true,784,false
50XK26,desktop,2026-09-01T20:38:45.595Z,40,false,associated,yes,sun,moon,yes,true,735,false
50XK26,desktop,2026-09-01T20:38:45.595Z,41,false,nonword,no,paner,pelper,no,true,893,false
50XK26,desktop,2026-09-01T20:38:45.595Z,42,false,unassociated,yes,cup,nurse,yes,true,988,false
50XK26,desktop,2026-09-01T20:38:45.595Z,43,false,nonword,no,pillow,naight,no,true,930,false
50XK26,desktop,2026-09-01T20:38:45.595Z,44,false,unassociated,yes,day,fork,yes,true,740,false
50XK26,desktop,2026-09-01T20:38:45.595Z,45,false,nonword,no,pencil,cald,no,true,713,false
50XK26,desktop,2026-09-01T20:38:45.595Z,46,false,nonword,no,moin,graib,no,true,711,false
50XK26,desktop,2026-09-01T20:38:45.595Z,47,false,associated,yes,hammer,nail,yes,true,700,false
50XK26,desktop,2026-09-01T20:38:45.595Z,48,false,associated,yes,shoe,sock,yes,true,745,false
50XK26,desktop,2026-09-01T20:38:45.595Z,49,false,nonword,no,saucel,ladder,no,true,873,false
50XK26,desktop,2026-09-01T20:38:45.595Z,50,false,associated,yes,lock,key,yes,true,727,false
50XK26,desktop,2026-09-01T20:38:45.595Z,51,false,nonword,no,chaif,hant,no,true,1096,false
50XK26,desktop,2026-09-01T20:38:45.595Z,52,false,associated,yes,hot,cold,yes,true,681,false
50XK26,desktop,2026-09-01T20:38:45.595Z,53,false,unassociated,yes,knife,saucer,yes,true,698,false
50XK26,desktop,2026-09-01T20:38:45.595Z,54,false,nonword,no,narse,blick,no,true,1028,false
6YU4PG,desktop,2026-09-01T20:39:07.717Z,1,true,unassociated,yes,apple,door,no,false,1012,false
6YU4PG,desktop,2026-09-01T20:39:07.717Z,2,true,unassociated,yes,shirt,river,no,false,905,false
6YU4PG,desktop,2026-09-01T20:39:07.717Z,3,true,nonword,no,trink,house,no,true,1061,false
6YU4PG,desktop,2026-09-01T20:39:07.717Z,4,true,associated,yes,coffee,tea,yes,true,668,false
6YU4PG,desktop,2026-09-01T20:39:07.717Z,5,true,nonword,no,lamp,gorp,yes,false,1256,false
6YU4PG,desktop,2026-09-01T20:39:07.717Z,6,true,associated,yes,north,south,yes,true,912,false
6YU4PG,desktop,2026-09-01T20:39:07.717Z,7,false,nonword,no,candle,trell,no,true,1146,false
6YU4PG,desktop,2026-09-01T20:39:07.717Z,8,false,nonword,no,crade,wibe,no,true,934,false
6YU4PG,desktop,2026-09-01T20:39:07.717Z,9,false,unassociated,yes,sun,pepper,yes,true,880,false
6YU4PG,desktop,2026-09-01T20:39:07.717Z,10,false,associated,yes,pen,paper,yes,true,1261,false
6YU4PG,desktop,2026-09-01T20:39:07.717Z,11,false,unassociated,yes,cup,foot,yes,true,943,false
6YU4PG,desktop,2026-09-01T20:39:07.717Z,12,false,nonword,no,mether,bottle,no,true,898,false
6YU4PG,desktop,2026-09-01T20:39:07.717Z,13,false,nonword,no,naight,sturn,no,true,939,false
6YU4PG,desktop,2026-09-01T20:39:07.717Z,14,false,nonword,no,thumber,letter,no,true,817,false
6YU4PG,desktop,2026-09-01T20:39:07.717Z,15,false,associated,yes,table,chair,yes,true,962,false
6YU4PG,desktop,2026-09-01T20:39:07.717Z,16,false,nonword,no,planet,narse,no,true,1037,false
6YU4PG,desktop,2026-09-01T20:39:07.717Z,17,false,unassociated,yes,spider,saucer,yes,true,1169,false
6YU4PG,desktop,2026-09-01T20:39:07.717Z,18,false,nonword,no,cald,garden,yes,false,734,false
6YU4PG,desktop,2026-09-01T20:39:07.717Z,19,false,nonword,no,paner,jacket,yes,false,751,false
6YU4PG,desktop,2026-09-01T20:39:07.717Z,20,false,nonword,no,nammer,plome,yes,false,1091,false
6YU4PG,desktop,2026-09-01T20:39:07.717Z,21,false,unassociated,yes,boy,moon,yes,true,844,false
6YU4PG,desktop,2026-09-01T20:39:07.717Z,22,false,unassociated,yes,hand,queen,yes,true,1024,false
6YU4PG,desktop,2026-09-01T20:39:07.717Z,23,false,nonword,no,pelper,blick,no,true,960,false
6YU4PG,desktop,2026-09-01T20:39:07.717Z,24,false,associated,yes,husband,wife,yes,true,720,false
6YU4PG,desktop,2026-09-01T20:39:07.717Z,25,false,unassociated,yes,black,butter,yes,true,869,false
6YU4PG,desktop,2026-09-01T20:39:07.717Z,26,false,nonword,no,darp,market,no,true,964,false
6YU4PG,desktop,2026-09-01T20:39:07.717Z,27,false,nonword,no,ladder,scok,no,true,681,false
6YU4PG,desktop,2026-09-01T20:39:07.717Z,28,false,nonword,no,basket,moin,no,true,654,false
6YU4PG,desktop,2026-09-01T20:39:07.717Z,29,false,unassociated,yes,king,web,yes,true,1065,false
6YU4PG,desktop,2026-09-01T20:39:07.717Z,30,false,nonword,no,wab,borl,no,true,989,false
6YU4PG,desktop,2026-09-01T20:39:07.717Z,31,false,nonword,no,groop,silver,no,true,950,false
6YU4PG,desktop,2026-09-01T20:39:07.717Z,32,false,nonword,no,hant,forest,no,true,765,false
6YU4PG,desktop,2026-09-01T20:39:07.717Z,33,false,associated,yes,hot,cold,yes,true,983,false
6YU4PG,desktop,2026-09-01T20:39:07.717Z,34,false,nonword,no,pencil,quing,no,true,931,false
6YU4PG,desktop,2026-09-01T20:39:07.717Z,35,false,nonword,no,pillow,flim,no,true,969,false
6YU4PG,desktop,2026-09-01T20:39:07.717Z,36,false,associated,yes,lock,key,yes,true,1216,false
6YU4PG,desktop,2026-09-01T20:39:07.717Z,37,false,unassociated,yes,salt,night,yes,true,650,false
6YU4PG,desktop,2026-09-01T20:39:07.717Z,38,false,unassociated,yes,day,white,no,false,191,false
6YU4PG,desktop,2026-09-01T20:39:07.717Z,39,false,nonword,no,wallet,threed,yes,false,951,false
6YU4PG,desktop,2026-09-01T20:39:07.717Z,40,false,nonword,no,yellow,kez,no,true,922,false
6YU4PG,desktop,2026-09-01T20:39:07.717Z,41,false,unassociated,yes,doctor,dog,yes,true,731,false
6YU4PG,desktop,2026-09-01T20:39:07.717Z,42,false,nonword,no,brend,tunnel,no,true,998,false
6YU4PG,desktop,2026-09-01T20:39:07.717Z,43,false,unassociated,yes,cat,nurse,yes,true,677,false
6YU4PG,desktop,2026-09-01T20:39:07.717Z,44,false,associated,yes,knife,fork,yes,true,904,false
6YU4PG,desktop,2026-09-01T20:39:07.717Z,45,false,nonword,no,graib,dorg,no,true,1048,false
6YU4PG,desktop,2026-09-01T20:39:07.717Z,46,false,associated,yes,needle,thread,yes,true,635,false
6YU4PG,desktop,2026-09-01T20:39:07.717Z,47,false,nonword,no,chaif,fonk,no,true,1214,false
6YU4PG,desktop,2026-09-01T20:39:07.717Z,48,false,associated,yes,mother,father,,false,,false
6YU4PG,desktop,2026-09-01T20:39:07.717Z,49,false,associated,yes,thunder,lightning,yes,true,4402,false
6YU4PG,desktop,2026-09-01T20:39:07.717Z,50,false,associated,yes,shoe,sock,yes,true,1097,false
6YU4PG,desktop,2026-09-01T20:39:07.717Z,51,false,unassociated,yes,bread,girl,yes,true,813,false
6YU4PG,desktop,2026-09-01T20:39:07.717Z,52,false,associated,yes,bride,groom,yes,true,1213,false
6YU4PG,desktop,2026-09-01T20:39:07.717Z,53,false,nonword,no,saucel,vosk,no,true,741,false
6YU4PG,desktop,2026-09-01T20:39:07.717Z,54,false,associated,yes,hammer,nail,yes,true,944,false
8B2HI3,desktop,2026-09-01T20:39:21.994Z,1,true,associated,yes,coffee,tea,yes,true,904,false
8B2HI3,desktop,2026-09-01T20:39:21.994Z,2,true,associated,yes,north,south,yes,true,752,false
8B2HI3,desktop,2026-09-01T20:39:21.994Z,3,true,nonword,no,trink,house,no,true,1230,false
8B2HI3,desktop,2026-09-01T20:39:21.994Z,4,true,unassociated,yes,shirt,river,yes,true,844,false
8B2HI3,desktop,2026-09-01T20:39:21.994Z,5,true,unassociated,yes,apple,door,yes,true,4609,false
8B2HI3,desktop,2026-09-01T20:39:21.994Z,6,true,nonword,no,lamp,gorp,no,true,988,false
8B2HI3,desktop,2026-09-01T20:39:21.994Z,7,false,unassociated,yes,bread,saucer,yes,true,734,false
8B2HI3,desktop,2026-09-01T20:39:21.994Z,8,false,associated,yes,hammer,nail,yes,true,550,false
8B2HI3,desktop,2026-09-01T20:39:21.994Z,9,false,nonword,no,groop,garden,yes,false,1058,false
8B2HI3,desktop,2026-09-01T20:39:21.994Z,10,false,nonword,no,brend,nammer,no,true,1000,false
8B2HI3,desktop,2026-09-01T20:39:21.994Z,11,false,unassociated,yes,lock,pepper,yes,true,562,false
8B2HI3,desktop,2026-09-01T20:39:21.994Z,12,false,associated,yes,bride,groom,yes,true,713,false
8B2HI3,desktop,2026-09-01T20:39:21.994Z,13,false,unassociated,yes,cup,chair,no,false,719,false
8B2HI3,desktop,2026-09-01T20:39:21.994Z,14,false,unassociated,yes,pen,night,yes,true,819,false
8B2HI3,desktop,2026-09-01T20:39:21.994Z,15,false,nonword,no,window,darp,no,true,570,false
8B2HI3,desktop,2026-09-01T20:39:21.994Z,16,false,nonword,no,wibe,letter,yes,false,730,false
8B2HI3,desktop,2026-09-01T20:39:21.994Z,17,false,unassociated,yes,sun,queen,yes,true,552,false
8B2HI3,desktop,2026-09-01T20:39:21.994Z,18,false,associated,yes,cat,dog,yes,true,644,false
8B2HI3,desktop,2026-09-01T20:39:21.994Z,19,false,nonword,no,basket,crade,no,true,1036,false
8B2HI3,desktop,2026-09-01T20:39:21.994Z,20,false,nonword,no,kez,saucel,no,true,995,false
8B2HI3,desktop,2026-09-01T20:39:21.994Z,21,false,nonword,no,narse,engine,no,true,810,false
8B2HI3,desktop,2026-09-01T20:39:21.994Z,22,false,nonword,no,plome,pelper,no,true,753,false
8B2HI3,desktop,2026-09-01T20:39:21.994Z,23,false,unassociated,yes,hand,butter,yes,true,737,false
8B2HI3,desktop,2026-09-01T20:39:21.994Z,24,false,unassociated,yes,salt,moon,yes,true,630,false
8B2HI3,desktop,2026-09-01T20:39:21.994Z,25,false,associated,yes,black,white,yes,true,612,false
8B2HI3,desktop,2026-09-01T20:39:21.994Z,26,false,associated,yes,spider,web,yes,true,672,false
8B2HI3,desktop,2026-09-01T20:39:21.994Z,27,false,nonword,no,thumber,rocket,no,true,819,false
8B2HI3,desktop,2026-09-01T20:39:21.994Z,28,false,nonword,no,vosk,candle,no,true,665,false
8B2HI3,desktop,2026-09-01T20:39:21.994Z,29,false,nonword,no,moin,fonk,no,true,775,false
8B2HI3,desktop,2026-09-01T20:39:21.994Z,30,false,unassociated,yes,husband,key,yes,true,776,false
8B2HI3,desktop,2026-09-01T20:39:21.994Z,31,false,associated,yes,mother,father,yes,true,562,false
8B2HI3,desktop,2026-09-01T20:39:21.994Z,32,false,unassociated,yes,king,foot,yes,true,747,true
8B2HI3,desktop,2026-09-01T20:39:21.994Z,33,false,associated,yes,doctor,nurse,yes,true,971,false
8B2HI3,desktop,2026-09-01T20:39:21.994Z,34,false,nonword,no,scok,mether,no,true,782,false
8B2HI3,desktop,2026-09-01T20:39:21.994Z,35,false,associated,yes,thunder,lightning,yes,true,677,false
8B2HI3,desktop,2026-09-01T20:39:21.994Z,36,false,associated,yes,boy,girl,no,false,132,false
8B2HI3,desktop,2026-09-01T20:39:21.994Z,37,false,associated,yes,knife,fork,yes,true,746,false
8B2HI3,desktop,2026-09-01T20:39:21.994Z,38,false,nonword,no,silver,quing,no,true,777,false
8B2HI3,desktop,2026-09-01T20:39:21.994Z,39,false,nonword,no,ladder,wab,no,true,970,false
8B2HI3,desktop,2026-09-01T20:39:21.994Z,40,false,nonword,no,blick,sturn,no,true,929,false
8B2HI3,desktop,2026-09-01T20:39:21.994Z,41,false,unassociated,yes,day,sock,yes,true,591,false
8B2HI3,desktop,2026-09-01T20:39:21.994Z,42,false,nonword,no,paner,dinner,no,true,980,false
8B2HI3,desktop,2026-09-01T20:39:21.994Z,43,false,nonword,no,velvet,trell,no,true,1299,false
8B2HI3,desktop,2026-09-01T20:39:21.994Z,44,false,nonword,no,forest,naight,no,true,714,false
8B2HI3,desktop,2026-09-01T20:39:21.994Z,45,false,nonword,no,jacket,threed,no,true,707,false
8B2HI3,desktop,2026-09-01T20:39:21.994Z,46,false,unassociated,yes,table,paper,yes,true,638,false
8B2HI3,desktop,2026-09-01T20:39:21.994Z,47,false,nonword,no,graib,borl,no,true,774,false
8B2HI3,desktop,2026-09-01T20:39:21.994Z,48,false,unassociated,yes,shoe,wife,yes,true,958,false
8B2HI3,desktop,2026-09-01T20:39:21.994Z,49,false,associated,yes,needle,thread,yes,true,873,false
8B2HI3,desktop,2026-09-01T20:39:21.994Z,50,false,associated,yes,hot,cold,yes,true,645,false
8B2HI3,desktop,2026-09-01T20:39:21.994Z,51,false,nonword,no,hant,bottle,no,true,1202,false
8B2HI3,desktop,2026-09-01T20:39:21.994Z,52,false,nonword,no,dorg,pencil,no,true,677,false
8B2HI3,desktop,2026-09-01T20:39:21.994Z,53,false,nonword,no,planet,flim,no,true,818,false
8B2HI3,desktop,2026-09-01T20:39:21.994Z,54,false,nonword,no,chaif,cald,no,true,758,false
8E5AM9,desktop,2026-09-01T20:41:13.720Z,1,true,associated,yes,north,south,yes,true,852,true
8E5AM9,desktop,2026-09-01T20:41:13.720Z,2,true,associated,yes,coffee,tea,yes,true,612,false
8E5AM9,desktop,2026-09-01T20:41:13.720Z,3,true,nonword,no,lamp,gorp,no,true,900,false
8E5AM9,desktop,2026-09-01T20:41:13.720Z,4,true,unassociated,yes,shirt,river,no,false,907,false
8E5AM9,desktop,2026-09-01T20:41:13.720Z,5,true,unassociated,yes,apple,door,yes,true,878,false
8E5AM9,desktop,2026-09-01T20:41:13.720Z,6,true,nonword,no,trink,house,yes,false,1116,false
8E5AM9,desktop,2026-09-01T20:41:13.720Z,7,false,nonword,no,blick,fonk,no,true,839,false
8E5AM9,desktop,2026-09-01T20:41:13.720Z,8,false,nonword,no,hant,mether,no,true,573,false
8E5AM9,desktop,2026-09-01T20:41:13.720Z,9,false,unassociated,yes,needle,father,yes,true,762,false
8E5AM9,desktop,2026-09-01T20:41:13.720Z,10,false,nonword,no,sturn,kez,no,true,872,false
8E5AM9,desktop,2026-09-01T20:41:13.720Z,11,false,nonword,no,graib,monkey,no,true,840,false
8E5AM9,desktop,2026-09-01T20:41:13.720Z,12,false,associated,yes,husband,wife,yes,true,871,false
8E5AM9,desktop,2026-09-01T20:41:13.720Z,13,false,unassociated,yes,hot,chair,yes,true,719,false
8E5AM9,desktop,2026-09-01T20:41:13.720Z,14,false,associated,yes,knife,fork,yes,true,676,false
8E5AM9,desktop,2026-09-01T20:41:13.720Z,15,false,nonword,no,chaif,carpet,no,true,955,false
8E5AM9,desktop,2026-09-01T20:41:13.720Z,16,false,nonword,no,yellow,threed,no,true,837,false
8E5AM9,desktop,2026-09-01T20:41:13.720Z,17,false,nonword,no,pillow,nammer,yes,false,878,false
8E5AM9,desktop,2026-09-01T20:41:13.720Z,18,false,associated,yes,shoe,sock,yes,true,722,false
8E5AM9,desktop,2026-09-01T20:41:13.720Z,19,false,nonword,no,brend,crade,yes,false,718,false
8E5AM9,desktop,2026-09-01T20:41:13.720Z,20,false,associated,yes,king,queen,yes,true,833,false
8E5AM9,desktop,2026-09-01T20:41:13.720Z,21,false,associated,yes,boy,girl,yes,true,579,false
8E5AM9,desktop,2026-09-01T20:41:13.720Z,22,false,unassociated,yes,thunder,groom,yes,true,692,false
8E5AM9,desktop,2026-09-01T20:41:13.720Z,23,false,unassociated,yes,table,web,yes,true,869,false
8E5AM9,desktop,2026-09-01T20:41:13.720Z,24,false,nonword,no,plome,pencil,no,true,1057,false
8E5AM9,desktop,2026-09-01T20:41:13.720Z,25,false,nonword,no,vosk,engine,no,true,566,false
8E5AM9,desktop,2026-09-01T20:41:13.720Z,26,false,nonword,no,ladder,flim,no,true,948,false
8E5AM9,desktop,2026-09-01T20:41:13.720Z,27,false,associated,yes,hammer,nail,yes,true,613,false
8E5AM9,desktop,2026-09-01T20:41:13.720Z,28,false,unassociated,yes,spider,cold,yes,true,721,false
8E5AM9,desktop,2026-09-01T20:41:13.720Z,29,false,associated,yes,day,night,yes,true,540,false
8E5AM9,desktop,2026-09-01T20:41:13.720Z,30,false,nonword,no,jacket,wibe,no,true,1042,false
8E5AM9,desktop,2026-09-01T20:41:13.720Z,31,false,nonword,no,paner,window,,false,,false
8E5AM9,desktop,2026-09-01T20:41:13.720Z,32,false,associated,yes,bread,butter,yes,true,565,false
8E5AM9,desktop,2026-09-01T20:41:13.720Z,33,false,nonword,no,quing,basket,yes,false,740,false
8E5AM9,desktop,2026-09-01T20:41:13.720Z,34,false,unassociated,yes,cat,saucer,yes,true,709,false
8E5AM9,desktop,2026-09-01T20:41:13.720Z,35,false,unassociated,yes,mother,thread,yes,true,604,false
8E5AM9,desktop,2026-09-01T20:41:13.720Z,36,false,nonword,no,cald,forest,no,true,614,false
8E5AM9,desktop,2026-09-01T20:41:13.720Z,37,false,associated,yes,hand,foot,yes,true,584,false
8E5AM9,desktop,2026-09-01T20:41:13.720Z,38,false,associated,yes,pen,paper,yes,true,758,false
8E5AM9,desktop,2026-09-01T20:41:13.720Z,39,false,nonword,no,scok,rocket,yes,false,975,false
8E5AM9,desktop,2026-09-01T20:41:13.720Z,40,false,associated,yes,doctor,nurse,yes,true,993,false
8E5AM9,desktop,2026-09-01T20:41:13.720Z,41,false,associated,yes,salt,pepper,yes,true,868,false
8E5AM9,desktop,2026-09-01T20:41:13.720Z,42,false,nonword,no,tunnel,naight,no,true,810,false
8E5AM9,desktop,2026-09-01T20:41:13.720Z,43,false,unassociated,yes,sun,key,yes,true,563,true
8E5AM9,desktop,2026-09-01T20:41:13.720Z,44,false,unassociated,yes,black,moon,yes,true,668,false
8E5AM9,desktop,2026-09-01T20:41:13.720Z,45,false,nonword,no,narse,pelper,no,true,779,false
8E5AM9,desktop,2026-09-01T20:41:13.720Z,46,false,nonword,no,wallet,moin,no,true,897,false
8E5AM9,desktop,2026-09-01T20:41:13.720Z,47,false,nonword,no,garden,trell,yes,false,894,false
8E5AM9,desktop,2026-09-01T20:41:13.720Z,48,false,nonword,no,market,saucel,no,true,628,false
8E5AM9,desktop,2026-09-01T20:41:13.720Z,49,false,unassociated,yes,lock,dog,yes,true,549,false
8E5AM9,desktop,2026-09-01T20:41:13.720Z,50,false,unassociated,yes,bride,white,yes,true,872,false
8E5AM9,desktop,2026-09-01T20:41:13.720Z,51,false,nonword,no,thumber,dorg,no,true,942,false
8E5AM9,desktop,2026-09-01T20:41:13.720Z,52,false,nonword,no,borl,groop,no,true,748,false
8E5AM9,desktop,2026-09-01T20:41:13.720Z,53,false,nonword,no,darp,wab,no,true,729,false
8E5AM9,desktop,2026-09-01T20:41:13.720Z,54,false,unassociated,yes,cup,lightning,yes,true,819,false
A0GYT7,desktop,2026-09-01T20:44:15.137Z,1,true,unassociated,yes,apple,door,yes,true,827,false
A0GYT7,desktop,2026-09-01T20:44:15.137Z,2,true,nonword,no,lamp,gorp,no,true,1171,false
A0GYT7,desktop,2026-09-01T20:44:15.137Z,3,true,nonword,no,trink,house,no,true,1295,false
A0GYT7,desktop,2026-09-01T20:44:15.137Z,4,true,unassociated,yes,shirt,river,yes,true,1278,false
A0GYT7,desktop,2026-09-01T20:44:15.137Z,5,true,associated,yes,coffee,tea,yes,true,739,false
A0GYT7,desktop,2026-09-01T20:44:15.137Z,6,true,associated,yes,north,south,yes,true,714,false
A0GYT7,desktop,2026-09-01T20:44:15.137Z,7,false,nonword,no,trell,scok,no,true,822,false
A0GYT7,desktop,2026-09-01T20:44:15.137Z,8,false,unassociated,yes,bride,key,yes,true,906,false
A0GYT7,desktop,2026-09-01T20:44:15.137Z,9,false,nonword,no,chaif,monkey,no,true,913,false
A0GYT7,desktop,2026-09-01T20:44:15.137Z,10,false,associated,yes,boy,girl,yes,true,605,false
A0GYT7,desktop,2026-09-01T20:44:15.137Z,11,false,nonword,no,groop,silver,no,true,586,false
A0GYT7,desktop,2026-09-01T20:44:15.137Z,12,false,nonword,no,market,graib,yes,false,162,false
A0GYT7,desktop,2026-09-01T20:44:15.137Z,13,false,nonword,no,mether,quing,yes,false,891,true
A0GYT7,desktop,2026-09-01T20:44:15.137Z,14,false,unassociated,yes,cup,moon,yes,true,770,false
A0GYT7,desktop,2026-09-01T20:44:15.137Z,15,false,nonword,no,sturn,ladder,no,true,847,false
A0GYT7,desktop,2026-09-01T20:44:15.137Z,16,false,nonword,no,narse,kez,no,true,893,false
A0GYT7,desktop,2026-09-01T20:44:15.137Z,17,false,unassociated,yes,doctor,father,yes,true,746,false
A0GYT7,desktop,2026-09-01T20:44:15.137Z,18,false,nonword,no,borl,flim,yes,false,800,false
A0GYT7,desktop,2026-09-01T20:44:15.137Z,19,false,nonword,no,hant,fonk,no,true,1019,false
A0GYT7,desktop,2026-09-01T20:44:15.137Z,20,false,associated,yes,spider,web,no,false,761,false
A0GYT7,desktop,2026-09-01T20:44:15.137Z,21,false,unassociated,yes,hot,saucer,yes,true,620,false
A0GYT7,desktop,2026-09-01T20:44:15.137Z,22,false,associated,yes,husband,wife,yes,true,4462,false
A0GYT7,desktop,2026-09-01T20:44:15.137Z,23,false,associated,yes,knife,fork,yes,true,689,false
A0GYT7,desktop,2026-09-01T20:44:15.137Z,24,false,nonword,no,window,dorg,no,true,985,true
A0GYT7,desktop,2026-09-01T20:44:15.137Z,25,false,nonword,no,paner,jacket,yes,false,778,false
A0GYT7,desktop,2026-09-01T20:44:15.137Z,26,false,nonword,no,engine,wibe,no,true,807,false
A0GYT7,desktop,2026-09-01T20:44:15.137Z,27,false,unassociated,yes,table,lightning,yes,true,901,false
A0GYT7,desktop,2026-09-01T20:44:15.137Z,28,false,unassociated,yes,shoe,groom,yes,true,674,false
A0GYT7,desktop,2026-09-01T20:44:15.137Z,29,false,unassociated,yes,sun,chair,yes,true,805,false
A0GYT7,desktop,2026-09-01T20:44:15.137Z,30,false,associated,yes,day,night,yes,true,557,false
A0GYT7,desktop,2026-09-01T20:44:15.137Z,31,false,associated,yes,needle,thread,yes,true,812,false
A0GYT7,desktop,2026-09-01T20:44:15.137Z,32,false,associated,yes,king,queen,yes,true,632,false
A0GYT7,desktop,2026-09-01T20:44:15.137Z,33,false,unassociated,yes,mother,butter,yes,true,837,false
A0GYT7,desktop,2026-09-01T20:44:15.137Z,34,false,nonword,no,crade,cald,no,true,806,false
A0GYT7,desktop,2026-09-01T20:44:15.137Z,35,false,associated,yes,hammer,nail,yes,true,655,false
A0GYT7,desktop,2026-09-01T20:44:15.137Z,36,false,associated,yes,hand,foot,yes,true,693,false
A0GYT7,desktop,2026-09-01T20:44:15.137Z,37,false,unassociated,yes,thunder,paper,yes,true,623,false
A0GYT7,desktop,2026-09-01T20:44:15.137Z,38,false,unassociated,yes,lock,nurse,no,false,959,false
A0GYT7,desktop,2026-09-01T20:44:15.137Z,39,false,associated,yes,cat,dog,yes,true,1069,false
A0GYT7,desktop,2026-09-01T20:44:15.137Z,40,false,nonword,no,saucel,nammer,yes,false,714,false
A0GYT7,desktop,2026-09-01T20:44:15.137Z,41,false,unassociated,yes,bread,sock,yes,true,614,false
A0GYT7,desktop,2026-09-01T20:44:15.137Z,42,false,nonword,no,dinner,threed,no,true,744,false
A0GYT7,desktop,2026-09-01T20:44:15.137Z,43,false,nonword,no,thumber,velvet,no,true,623,false
A0GYT7,desktop,2026-09-01T20:44:15.137Z,44,false,associated,yes,black,white,yes,true,888,false
A0GYT7,desktop,2026-09-01T20:44:15.137Z,45,false,nonword,no,moin,music,no,true,778,false
A0GYT7,desktop,2026-09-01T20:44:15.137Z,46,false,nonword,no,basket,darp,no,true,888,false
A0GYT7,desktop,2026-09-01T20:44:15.137Z,47,false,nonword,no,wab,brend,no,true,622,false
A0GYT7,desktop,2026-09-01T20:44:15.137Z,48,false,nonword,no,blick,bottle,no,true,778,false
A0GYT7,desktop,2026-09-01T20:44:15.137Z,49,false,nonword,no,garden,naight,no,true,3207,false
A0GYT7,desktop,2026-09-01T20:44:15.137Z,50,false,unassociated,yes,pen,cold,yes,true,755,false
A0GYT7,desktop,2026-09-01T20:44:15.137Z,51,false,associated,yes,salt,pepper,yes,true,900,false
A0GYT7,desktop,2026-09-01T20:44:15.137Z,52,false,nonword,no,pillow,vosk,no,true,940,false
A0GYT7,desktop,2026-09-01T20:44:15.137Z,53,false,nonword,no,yellow,plome,no,true,655,false
A0GYT7,desktop,2026-09-01T20:44:15.137Z,54,false,nonword,no,pelper,candle,no,true,1047,false
AWY2RP,touch,2026-09-01T20:46:16.636Z,1,true,associated,yes,coffee,tea,yes,true,1064,false
AWY2RP,touch,2026-09-01T20:46:16.636Z,2,true,unassociated,yes,apple,door,yes,true,1130,false
AWY2RP,touch,2026-09-01T20:46:16.636Z,3,true,unassociated,yes,shirt,river,yes,true,1107,false
AWY2RP,touch,2026-09-01T20:46:16.636Z,4,true,nonword,no,trink,house,no,true,1260,false
AWY2RP,touch,2026-09-01T20:46:16.636Z,5,true,associated,yes,north,south,yes,true,811,false
AWY2RP,touch,2026-09-01T20:46:16.636Z,6,true,nonword,no,lamp,gorp,no,true,1089,false
AWY2RP,touch,2026-09-01T20:46:16.636Z,7,false,nonword,no,crade,monkey,no,true,1052,false
AWY2RP,touch,2026-09-01T20:46:16.636Z,8,false,nonword,no,rocket,wibe,no,true,1115,false
AWY2RP,touch,2026-09-01T20:46:16.636Z,9,false,associated,yes,pen,paper,yes,true,674,false
AWY2RP,touch,2026-09-01T20:46:16.636Z,10,false,nonword,no,narse,brend,no,true,1012,false
AWY2RP,touch,2026-09-01T20:46:16.636Z,11,false,nonword,no,mether,dinner,no,true,967,false
AWY2RP,touch,2026-09-01T20:46:16.636Z,12,false,nonword,no,plome,carpet,no,true,971,false
AWY2RP,touch,2026-09-01T20:46:16.636Z,13,false,unassociated,yes,mother,butter,yes,true,986,false
AWY2RP,touch,2026-09-01T20:46:16.636Z,14,false,nonword,no,yellow,naight,no,true,1056,false
AWY2RP,touch,2026-09-01T20:46:16.636Z,15,false,unassociated,yes,knife,wife,yes,true,976,false
AWY2RP,touch,2026-09-01T20:46:16.636Z,16,false,associated,yes,king,queen,yes,true,692,false
AWY2RP,touch,2026-09-01T20:46:16.636Z,17,false,nonword,no,saucel,pelper,no,true,1132,false
AWY2RP,touch,2026-09-01T20:46:16.636Z,18,false,associated,yes,black,white,yes,true,802,false
AWY2RP,touch,2026-09-01T20:46:16.636Z,19,false,nonword,no,velvet,chaif,no,true,952,false
AWY2RP,touch,2026-09-01T20:46:16.636Z,20,false,nonword,no,wab,hant,no,true,1220,false
AWY2RP,touch,2026-09-01T20:46:16.636Z,21,false,nonword,no,nammer,flim,no,true,825,false
AWY2RP,touch,2026-09-01T20:46:16.636Z,22,false,associated,yes,lock,key,yes,true,719,false
AWY2RP,touch,2026-09-01T20:46:16.636Z,23,false,nonword,no,paner,threed,no,true,1180,false
AWY2RP,touch,2026-09-01T20:46:16.636Z,24,false,associated,yes,hand,foot,yes,true,789,false
AWY2RP,touch,2026-09-01T20:46:16.636Z,25,false,nonword,no,basket,darp,no,true,886,false
AWY2RP,touch,2026-09-01T20:46:16.636Z,26,false,nonword,no,dorg,market,no,true,874,false
AWY2RP,touch,2026-09-01T20:46:16.636Z,27,false,unassociated,yes,needle,dog,yes,true,1189,false
AWY2RP,touch,2026-09-01T20:46:16.636Z,28,false,nonword,no,bottle,borl,no,true,718,false
AWY2RP,touch,2026-09-01T20:46:16.636Z,29,false,nonword,no,pillow,cald,no,true,1173,false
AWY2RP,touch,2026-09-01T20:46:16.636Z,30,false,nonword,no,scok,moin,no,true,931,false
AWY2RP,touch,2026-09-01T20:46:16.636Z,31,false,unassociated,yes,cup,thread,yes,true,856,false
AWY2RP,touch,2026-09-01T20:46:16.636Z,32,false,nonword,no,blick,music,no,true,763,false
AWY2RP,touch,2026-09-01T20:46:16.636Z,33,false,associated,yes,thunder,lightning,yes,true,735,false
AWY2RP,touch,2026-09-01T20:46:16.636Z,34,false,unassociated,yes,shoe,night,yes,true,939,false
AWY2RP,touch,2026-09-01T20:46:16.636Z,35,false,associated,yes,sun,moon,yes,true,1115,false
AWY2RP,touch,2026-09-01T20:46:16.636Z,36,false,unassociated,yes,husband,girl,yes,true,709,false
AWY2RP,touch,2026-09-01T20:46:16.636Z,37,false,associated,yes,doctor,nurse,yes,true,694,false
AWY2RP,touch,2026-09-01T20:46:16.636Z,38,false,unassociated,yes,hammer,sock,yes,true,622,false
AWY2RP,touch,2026-09-01T20:46:16.636Z,39,false,unassociated,yes,day,nail,yes,true,844,false
AWY2RP,touch,2026-09-01T20:46:16.636Z,40,false,associated,yes,salt,pepper,yes,true,810,false
AWY2RP,touch,2026-09-01T20:46:16.636Z,41,false,nonword,no,window,fonk,no,true,930,false
AWY2RP,touch,2026-09-01T20:46:16.636Z,42,false,associated,yes,table,chair,yes,true,1048,false
AWY2RP,touch,2026-09-01T20:46:16.636Z,43,false,unassociated,yes,boy,fork,yes,true,3755,false
AWY2RP,touch,2026-09-01T20:46:16.636Z,44,false,nonword,no,quing,pencil,no,true,1174,false
AWY2RP,touch,2026-09-01T20:46:16.636Z,45,false,unassociated,yes,hot,saucer,yes,true,827,false
AWY2RP,touch,2026-09-01T20:46:16.636Z,46,false,nonword,no,graib,jacket,no,true,750,false
AWY2RP,touch,2026-09-01T20:46:16.636Z,47,false,nonword,no,candle,kez,no,true,930,false
AWY2RP,touch,2026-09-01T20:46:16.636Z,48,false,associated,yes,bride,groom,yes,true,728,false
AWY2RP,touch,2026-09-01T20:46:16.636Z,49,false,nonword,no,groop,forest,yes,false,1166,false
AWY2RP,touch,2026-09-01T20:46:16.636Z,50,false,associated,yes,spider,web,yes,true,842,false
AWY2RP,touch,2026-09-01T20:46:16.636Z,51,false,nonword,no,sturn,trell,no,true,915,false
AWY2RP,touch,2026-09-01T20:46:16.636Z,52,false,unassociated,yes,bread,cold,yes,true,929,false
AWY2RP,touch,2026-09-01T20:46:16.636Z,53,false,nonword,no,thumber,vosk,no,true,927,false
AWY2RP,touch,2026-09-01T20:46:16.636Z,54,false,unassociated,yes,cat,father,yes,true,898,false
AZSRK6,desktop,2026-09-01T20:48:54.043Z,1,true,associated,yes,north,south,yes,true,685,false
AZSRK6,desktop,2026-09-01T20:48:54.043Z,2,true,nonword,no,lamp,gorp,no,true,872,false
AZSRK6,desktop,2026-09-01T20:48:54.043Z,3,true,unassociated,yes,apple,door,yes,true,968,false
AZSRK6,desktop,2026-09-01T20:48:54.043Z,4,true,nonword,no,trink,house,yes,false,1019,false
AZSRK6,desktop,2026-09-01T20:48:54.043Z,5,true,unassociated,yes,shirt,river,no,false,1083,false
AZSRK6,desktop,2026-09-01T20:48:54.043Z,6,true,associated,yes,coffee,tea,yes,true,723,false
AZSRK6,desktop,2026-09-01T20:48:54.043Z,7,false,associated,yes,husband,wife,yes,true,827,false
AZSRK6,desktop,2026-09-01T20:48:54.043Z,8,false,nonword,no,brend,crade,yes,false,3263,false
AZSRK6,desktop,2026-09-01T20:48:54.043Z,9,false,unassociated,yes,spider,queen,yes,true,725,false
AZSRK6,desktop,2026-09-01T20:48:54.043Z,10,false,nonword,no,carpet,pelper,yes,false,843,false
AZSRK6,desktop,2026-09-01T20:48:54.043Z,11,false,nonword,no,darp,monkey,no,true,690,false
AZSRK6,desktop,2026-09-01T20:48:54.043Z,12,false,associated,yes,shoe,sock,yes,true,739,false
AZSRK6,desktop,2026-09-01T20:48:54.043Z,13,false,associated,yes,bride,groom,yes,true,537,false
AZSRK6,desktop,2026-09-01T20:48:54.043Z,14,false,unassociated,yes,knife,cold,yes,true,822,false
AZSRK6,desktop,2026-09-01T20:48:54.043Z,15,false,nonword,no,dorg,pillow,no,true,715,false
AZSRK6,desktop,2026-09-01T20:48:54.043Z,16,false,associated,yes,cup,saucer,yes,true,902,false
AZSRK6,desktop,2026-09-01T20:48:54.043Z,17,false,nonword,no,kez,velvet,no,true,5395,false
AZSRK6,desktop,2026-09-01T20:48:54.043Z,18,false,unassociated,yes,black,paper,yes,true,756,false
AZSRK6,desktop,2026-09-01T20:48:54.043Z,19,false,nonword,no,nammer,forest,no,true,865,false
AZSRK6,desktop,2026-09-01T20:48:54.043Z,20,false,unassociated,yes,king,night,yes,true,891,false
AZSRK6,desktop,2026-09-01T20:48:54.043Z,21,false,nonword,no,engine,fonk,no,true,771,false
AZSRK6,desktop,2026-09-01T20:48:54.043Z,22,false,nonword,no,paner,trell,no,true,942,false
AZSRK6,desktop,2026-09-01T20:48:54.043Z,23,false,unassociated,yes,pen,chair,yes,true,825,false
AZSRK6,desktop,2026-09-01T20:48:54.043Z,24,false,nonword,no,naight,planet,no,true,814,false
AZSRK6,desktop,2026-09-01T20:48:54.043Z,25,false,nonword,no,plome,narse,no,true,1149,false
AZSRK6,desktop,2026-09-01T20:48:54.043Z,26,false,unassociated,yes,hand,butter,yes,true,629,false
AZSRK6,desktop,2026-09-01T20:48:54.043Z,27,false,associated,yes,sun,moon,yes,true,604,false
AZSRK6,desktop,2026-09-01T20:48:54.043Z,28,false,nonword,no,scok,silver,no,true,850,false
AZSRK6,desktop,2026-09-01T20:48:54.043Z,29,false,nonword,no,vosk,sturn,no,true,1004,false
AZSRK6,desktop,2026-09-01T20:48:54.043Z,30,false,nonword,no,borl,basket,no,true,986,false
AZSRK6,desktop,2026-09-01T20:48:54.043Z,31,false,associated,yes,hammer,nail,yes,true,648,false
AZSRK6,desktop,2026-09-01T20:48:54.043Z,32,false,nonword,no,rocket,thumber,no,true,870,false
AZSRK6,desktop,2026-09-01T20:48:54.043Z,33,false,associated,yes,doctor,nurse,yes,true,622,false
AZSRK6,desktop,2026-09-01T20:48:54.043Z,34,false,nonword,no,yellow,moin,yes,false,1111,false
AZSRK6,desktop,2026-09-01T20:48:54.043Z,35,false,nonword,no,graib,hant,no,true,851,false
AZSRK6,desktop,2026-09-01T20:48:54.043Z,36,false,nonword,no,chaif,jacket,no,true,1057,false
AZSRK6,desktop,2026-09-01T20:48:54.043Z,37,false,associated,yes,lock,key,yes,true,688,false
AZSRK6,desktop,2026-09-01T20:48:54.043Z,38,false,nonword,no,quing,wab,no,true,692,false
AZSRK6,desktop,2026-09-01T20:48:54.043Z,39,false,nonword,no,bottle,groop,no,true,888,false
AZSRK6,desktop,2026-09-01T20:48:54.043Z,40,false,nonword,no,candle,saucel,no,true,917,false
AZSRK6,desktop,2026-09-01T20:48:54.043Z,41,false,unassociated,yes,day,thread,yes,true,773,false
AZSRK6,desktop,2026-09-01T20:48:54.043Z,42,false,nonword,no,market,blick,yes,false,143,false
AZSRK6,desktop,2026-09-01T20:48:54.043Z,43,false,unassociated,yes,bread,foot,yes,true,805,false
AZSRK6,desktop,2026-09-01T20:48:54.043Z,44,false,nonword,no,threed,wibe,no,true,900,false
AZSRK6,desktop,2026-09-01T20:48:54.043Z,45,false,unassociated,yes,salt,web,yes,true,690,false
AZSRK6,desktop,2026-09-01T20:48:54.043Z,46,false,nonword,no,wallet,mether,no,true,838,false
AZSRK6,desktop,2026-09-01T20:48:54.043Z,47,false,unassociated,yes,needle,white,yes,true,816,false
AZSRK6,desktop,2026-09-01T20:48:54.043Z,48,false,associated,yes,thunder,lightning,yes,true,708,false
AZSRK6,desktop,2026-09-01T20:48:54.043Z,49,false,unassociated,yes,hot,fork,yes,true,672,false
AZSRK6,desktop,2026-09-01T20:48:54.043Z,50,false,unassociated,yes,table,pepper,yes,true,609,false
AZSRK6,desktop,2026-09-01T20:48:54.043Z,51,false,nonword,no,cald,flim,yes,false,969,false
AZSRK6,desktop,2026-09-01T20:48:54.043Z,52,false,associated,yes,boy,girl,yes,true,568,false
AZSRK6,desktop,2026-09-01T20:48:54.043Z,53,false,associated,yes,mother,father,yes,true,593,false
AZSRK6,desktop,2026-09-01T20:48:54.043Z,54,false,associated,yes,cat,dog,yes,true,794,false
G0GYOK,desktop,2026-09-01T20:54:58.950Z,1,true,nonword,no,lamp,gorp,no,true,810,false
G0GYOK,desktop,2026-09-01T20:54:58.950Z,2,true,unassociated,yes,apple,door,yes,true,690,false
G0GYOK,desktop,2026-09-01T20:54:58.950Z,3,true,unassociated,yes,shirt,river,yes,true,890,false
G0GYOK,desktop,2026-09-01T20:54:58.950Z,4,true,nonword,no,trink,house,no,true,921,false
G0GYOK,desktop,2026-09-01T20:54:58.950Z,5,true,associated,yes,north,south,yes,true,899,false
G0GYOK,desktop,2026-09-01T20:54:58.950Z,6,true,associated,yes,coffee,tea,yes,true,719,false
G0GYOK,desktop,2026-09-01T20:54:58.950Z,7,false,nonword,no,ladder,quing,yes,false,912,false
G0GYOK,desktop,2026-09-01T20:54:58.950Z,8,false,nonword,no,fonk,graib,yes,false,974,false
G0GYOK,desktop,2026-09-01T20:54:58.950Z,9,false,nonword,no,planet,groop,no,true,586,false
G0GYOK,desktop,2026-09-01T20:54:58.950Z,10,false,unassociated,yes,doctor,white,yes,true,673,false
G0GYOK,desktop,2026-09-01T20:54:58.950Z,11,false,unassociated,yes,husband,sock,yes,true,844,false
G0GYOK,desktop,2026-09-01T20:54:58.950Z,12,false,nonword,no,borl,threed,yes,false,670,false
G0GYOK,desktop,2026-09-01T20:54:58.950Z,13,false,nonword,no,naight,pillow,no,true,768,false
G0GYOK,desktop,2026-09-01T20:54:58.950Z,14,false,nonword,no,saucel,nammer,no,true,671,false
G0GYOK,desktop,2026-09-01T20:54:58.950Z,15,false,unassociated,yes,shoe,nurse,yes,true,685,false
G0GYOK,desktop,2026-09-01T20:54:58.950Z,16,false,nonword,no,candle,sturn,no,true,795,false
G0GYOK,desktop,2026-09-01T20:54:58.950Z,17,false,unassociated,yes,mother,fork,yes,true,722,false
G0GYOK,desktop,2026-09-01T20:54:58.950Z,18,false,nonword,no,market,wab,no,true,707,false
G0GYOK,desktop,2026-09-01T20:54:58.950Z,19,false,associated,yes,bread,butter,,false,,false
G0GYOK,desktop,2026-09-01T20:54:58.950Z,20,false,nonword,no,wibe,brend,no,true,752,false
G0GYOK,desktop,2026-09-01T20:54:58.950Z,21,false,associated,yes,spider,web,yes,true,510,false
G0GYOK,desktop,2026-09-01T20:54:58.950Z,22,false,nonword,no,cald,flim,no,true,763,false
G0GYOK,desktop,2026-09-01T20:54:58.950Z,23,false,nonword,no,bottle,plome,no,true,663,false
G0GYOK,desktop,2026-09-01T20:54:58.950Z,24,false,unassociated,yes,boy,paper,yes,true,756,false
G0GYOK,desktop,2026-09-01T20:54:58.950Z,25,false,associated,yes,hand,foot,yes,true,484,false
G0GYOK,desktop,2026-09-01T20:54:58.950Z,26,false,nonword,no,scok,forest,no,true,854,false
G0GYOK,desktop,2026-09-01T20:54:58.950Z,27,false,unassociated,yes,knife,girl,yes,true,779,false
G0GYOK,desktop,2026-09-01T20:54:58.950Z,28,false,nonword,no,pelper,tunnel,no,true,1057,false
G0GYOK,desktop,2026-09-01T20:54:58.950Z,29,false,associated,yes,hammer,nail,yes,true,605,false
G0GYOK,desktop,2026-09-01T20:54:58.950Z,30,false,nonword,no,jacket,chaif,no,true,713,false
G0GYOK,desktop,2026-09-01T20:54:58.950Z,31,false,unassociated,yes,salt,father,yes,true,661,false
G0GYOK,desktop,2026-09-01T20:54:58.950Z,32,false,nonword,no,garden,moin,no,true,852,false
G0GYOK,desktop,2026-09-01T20:54:58.950Z,33,false,associated,yes,cat,dog,yes,true,613,false
G0GYOK,desktop,2026-09-01T20:54:58.950Z,34,false,nonword,no,dorg,thumber,no,true,755,false
G0GYOK,desktop,2026-09-01T20:54:58.950Z,35,false,associated,yes,day,night,yes,true,494,false
G0GYOK,desktop,2026-09-01T20:54:58.950Z,36,false,associated,yes,hot,cold,yes,true,200,false
G0GYOK,desktop,2026-09-01T20:54:58.950Z,37,false,nonword,no,engine,vosk,yes,false,670,false
G0GYOK,desktop,2026-09-01T20:54:58.950Z,38,false,associated,yes,king,queen,yes,true,631,false
G0GYOK,desktop,2026-09-01T20:54:58.950Z,39,false,nonword,no,blick,letter,no,true,833,false
G0GYOK,desktop,2026-09-01T20:54:58.950Z,40,false,nonword,no,narse,paner,yes,false,184,false
G0GYOK,desktop,2026-09-01T20:54:58.950Z,41,false,unassociated,yes,black,lightning,yes,true,722,false
G0GYOK,desktop,2026-09-01T20:54:58.950Z,42,false,nonword,no,mether,dinner,no,true,644,false
G0GYOK,desktop,2026-09-01T20:54:58.950Z,43,false,associated,yes,bride,groom,yes,true,997,false
G0GYOK,desktop,2026-09-01T20:54:58.950Z,44,false,associated,yes,sun,moon,yes,true,710,false
G0GYOK,desktop,2026-09-01T20:54:58.950Z,45,false,nonword,no,darp,pencil,no,true,967,false
G0GYOK,desktop,2026-09-01T20:54:58.950Z,46,false,unassociated,yes,pen,wife,yes,true,816,false
G0GYOK,desktop,2026-09-01T20:54:58.950Z,47,false,nonword,no,trell,silver,no,true,1066,false
G0GYOK,desktop,2026-09-01T20:54:58.950Z,48,false,associated,yes,needle,thread,yes,true,1015,false
G0GYOK,desktop,2026-09-01T20:54:58.950Z,49,false,unassociated,yes,lock,chair,yes,true,638,false
G0GYOK,desktop,2026-09-01T20:54:58.950Z,50,false,unassociated,yes,table,pepper,yes,true,752,false
G0GYOK,desktop,2026-09-01T20:54:58.950Z,51,false,nonword,no,kez,hant,no,true,812,false
G0GYOK,desktop,2026-09-01T20:54:58.950Z,52,false,unassociated,yes,thunder,key,yes,true,682,false
G0GYOK,desktop,2026-09-01T20:54:58.950Z,53,false,associated,yes,cup,saucer,yes,true,530,false
G0GYOK,desktop,2026-09-01T20:54:58.950Z,54,false,nonword,no,crade,music,no,true,708,false
HNP50E,touch,2026-09-01T20:55:05.574Z,1,true,unassociated,yes,apple,door,yes,true,601,false
HNP50E,touch,2026-09-01T20:55:05.574Z,2,true,associated,yes,north,south,yes,true,917,false
HNP50E,touch,2026-09-01T20:55:05.574Z,3,true,nonword,no,trink,house,no,true,928,false
HNP50E,touch,2026-09-01T20:55:05.574Z,4,true,nonword,no,lamp,gorp,no,true,1329,false
HNP50E,touch,2026-09-01T20:55:05.574Z,5,true,unassociated,yes,shirt,river,yes,true,993,false
HNP50E,touch,2026-09-01T20:55:05.574Z,6,true,associated,yes,coffee,tea,yes,true,734,false
HNP50E,touch,2026-09-01T20:55:05.574Z,7,false,nonword,no,plome,kez,no,true,638,false
HNP50E,touch,2026-09-01T20:55:05.574Z,8,false,nonword,no,letter,blick,no,true,842,false
HNP50E,touch,2026-09-01T20:55:05.574Z,9,false,associated,yes,bride,groom,yes,true,765,false
HNP50E,touch,2026-09-01T20:55:05.574Z,10,false,associated,yes,sun,moon,yes,true,593,false
HNP50E,touch,2026-09-01T20:55:05.574Z,11,false,associated,yes,mother,father,yes,true,725,false
HNP50E,touch,2026-09-01T20:55:05.574Z,12,false,associated,yes,hot,cold,yes,true,557,false
HNP50E,touch,2026-09-01T20:55:05.574Z,13,false,unassociated,yes,day,web,yes,true,802,false
HNP50E,touch,2026-09-01T20:55:05.574Z,14,false,nonword,no,cald,planet,no,true,754,false
HNP50E,touch,2026-09-01T20:55:05.574Z,15,false,unassociated,yes,king,butter,,false,,false
HNP50E,touch,2026-09-01T20:55:05.574Z,16,false,associated,yes,black,white,yes,true,481,false
HNP50E,touch,2026-09-01T20:55:05.574Z,17,false,associated,yes,needle,thread,yes,true,723,false
HNP50E,touch,2026-09-01T20:55:05.574Z,18,false,unassociated,yes,spider,night,yes,true,989,false
HNP50E,touch,2026-09-01T20:55:05.574Z,19,false,nonword,no,garden,saucel,no,true,859,false
HNP50E,touch,2026-09-01T20:55:05.574Z,20,false,nonword,no,paner,trell,no,true,772,false
HNP50E,touch,2026-09-01T20:55:05.574Z,21,false,unassociated,yes,hammer,dog,yes,true,657,false
HNP50E,touch,2026-09-01T20:55:05.574Z,22,false,unassociated,yes,husband,chair,no,false,974,false
HNP50E,touch,2026-09-01T20:55:05.574Z,23,false,associated,yes,lock,key,yes,true,752,false
HNP50E,touch,2026-09-01T20:55:05.574Z,24,false,nonword,no,dinner,moin,no,true,960,false
HNP50E,touch,2026-09-01T20:55:05.574Z,25,false,nonword,no,flim,pelper,no,true,1293,false
HNP50E,touch,2026-09-01T20:55:05.574Z,26,false,unassociated,yes,shoe,nurse,yes,true,893,false
HNP50E,touch,2026-09-01T20:55:05.574Z,27,false,associated,yes,thunder,lightning,no,false,501,false
HNP50E,touch,2026-09-01T20:55:05.574Z,28,false,nonword,no,threed,yellow,yes,false,758,false
HNP50E,touch,2026-09-01T20:55:05.574Z,29,false,associated,yes,hand,foot,yes,true,883,false
HNP50E,touch,2026-09-01T20:55:05.574Z,30,false,nonword,no,ladder,darp,no,true,1085,false
HNP50E,touch,2026-09-01T20:55:05.574Z,31,false,nonword,no,velvet,thumber,no,true,666,false
HNP50E,touch,2026-09-01T20:55:05.574Z,32,false,nonword,no,quing,forest,no,true,828,false
HNP50E,touch,2026-09-01T20:55:05.574Z,33,false,nonword,no,window,naight,no,true,703,false
HNP50E,touch,2026-09-01T20:55:05.574Z,34,false,nonword,no,sturn,borl,no,true,754,false
HNP50E,touch,2026-09-01T20:55:05.574Z,35,false,nonword,no,dorg,carpet,no,true,1094,false
HNP50E,touch,2026-09-01T20:55:05.574Z,36,false,nonword,no,groop,scok,no,true,1168,false
HNP50E,touch,2026-09-01T20:55:05.574Z,37,false,nonword,no,monkey,graib,no,true,682,false
HNP50E,touch,2026-09-01T20:55:05.574Z,38,false,associated,yes,boy,girl,yes,true,885,false
HNP50E,touch,2026-09-01T20:55:05.574Z,39,false,associated,yes,knife,fork,yes,true,1253,false
HNP50E,touch,2026-09-01T20:55:05.574Z,40,false,unassociated,yes,bread,pepper,no,false,688,false
HNP50E,touch,2026-09-01T20:55:05.574Z,41,false,associated,yes,cup,saucer,yes,true,563,false
HNP50E,touch,2026-09-01T20:55:05.574Z,42,false,nonword,no,crade,basket,no,true,1011,false
HNP50E,touch,2026-09-01T20:55:05.574Z,43,false,nonword,no,nammer,fonk,no,true,713,false
HNP50E,touch,2026-09-01T20:55:05.574Z,44,false,unassociated,yes,salt,paper,yes,true,1098,false
HNP50E,touch,2026-09-01T20:55:05.574Z,45,false,nonword,no,mether,rocket,no,true,860,false
HNP50E,touch,2026-09-01T20:55:05.574Z,46,false,nonword,no,market,chaif,no,true,850,false
HNP50E,touch,2026-09-01T20:55:05.574Z,47,false,nonword,no,wab,wibe,no,true,741,false
HNP50E,touch,2026-09-01T20:55:05.574Z,48,false,nonword,no,brend,vosk,no,true,644,false
HNP50E,touch,2026-09-01T20:55:05.574Z,49,false,unassociated,yes,pen,queen,yes,true,527,false
HNP50E,touch,2026-09-01T20:55:05.574Z,50,false,nonword,no,hant,music,no,true,813,false
HNP50E,touch,2026-09-01T20:55:05.574Z,51,false,unassociated,yes,cat,nail,yes,true,684,false
HNP50E,touch,2026-09-01T20:55:05.574Z,52,false,nonword,no,narse,engine,no,true,730,false
HNP50E,touch,2026-09-01T20:55:05.574Z,53,false,unassociated,yes,doctor,wife,yes,true,854,false
HNP50E,touch,2026-09-01T20:55:05.574Z,54,false,unassociated,yes,table,sock,yes,true,837,false
J5ND73,desktop,2026-09-01T20:57:23.621Z,1,true,associated,yes,coffee,tea,yes,true,751,false
J5ND73,desktop,2026-09-01T20:57:23.621Z,2,true,associated,yes,north,south,yes,true,630,false
J5ND73,desktop,2026-09-01T20:57:23.621Z,3,true,unassociated,yes,apple,door,yes,true,1056,false
J5ND73,desktop,2026-09-01T20:57:23.621Z,4,true,nonword,no,trink,house,yes,false,962,false
J5ND73,desktop,2026-09-01T20:57:23.621Z,5,true,nonword,no,lamp,gorp,no,true,1159,false
J5ND73,desktop,2026-09-01T20:57:23.621Z,6,true,unassociated,yes,shirt,river,yes,true,774,false
J5ND73,desktop,2026-09-01T20:57:23.621Z,7,false,nonword,no,chaif,dinner,no,true,827,false
J5ND73,desktop,2026-09-01T20:57:23.621Z,8,false,associated,yes,mother,father,yes,true,976,false
J5ND73,desktop,2026-09-01T20:57:23.621Z,9,false,associated,yes,black,white,yes,true,121,false
J5ND73,desktop,2026-09-01T20:57:23.621Z,10,false,unassociated,yes,needle,saucer,yes,true,923,false
J5ND73,desktop,2026-09-01T20:57:23.621Z,11,false,associated,yes,bread,butter,yes,true,825,true
J5ND73,desktop,2026-09-01T20:57:23.621Z,12,false,nonword,no,kez,darp,no,true,1095,false
J5ND73,desktop,2026-09-01T20:57:23.621Z,13,false,nonword,no,dorg,letter,no,true,794,false
J5ND73,desktop,2026-09-01T20:57:23.621Z,14,false,nonword,no,nammer,wibe,no,true,991,false
J5ND73,desktop,2026-09-01T20:57:23.621Z,15,false,unassociated,yes,cup,dog,yes,true,760,false
J5ND73,desktop,2026-09-01T20:57:23.621Z,16,false,unassociated,yes,day,queen,yes,true,924,false
J5ND73,desktop,2026-09-01T20:57:23.621Z,17,false,unassociated,yes,thunder,night,yes,true,1030,false
J5ND73,desktop,2026-09-01T20:57:23.621Z,18,false,nonword,no,yellow,pelper,no,true,802,false
J5ND73,desktop,2026-09-01T20:57:23.621Z,19,false,unassociated,yes,hot,key,yes,true,770,true
J5ND73,desktop,2026-09-01T20:57:23.621Z,20,false,nonword,no,threed,window,no,true,764,false
J5ND73,desktop,2026-09-01T20:57:23.621Z,21,false,nonword,no,monkey,quing,no,true,917,true
J5ND73,desktop,2026-09-01T20:57:23.621Z,22,false,unassociated,yes,cat,girl,yes,true,981,false
J5ND73,desktop,2026-09-01T20:57:23.621Z,23,false,unassociated,yes,lock,sock,yes,true,860,false
J5ND73,desktop,2026-09-01T20:57:23.621Z,24,false,nonword,no,moin,borl,no,true,714,false
J5ND73,desktop,2026-09-01T20:57:23.621Z,25,false,nonword,no,cald,wallet,no,true,1033,false
J5ND73,desktop,2026-09-01T20:57:23.621Z,26,false,associated,yes,knife,fork,yes,true,929,false
J5ND73,desktop,2026-09-01T20:57:23.621Z,27,false,nonword,no,groop,fonk,no,true,764,false
J5ND73,desktop,2026-09-01T20:57:23.621Z,28,false,unassociated,yes,king,lightning,yes,true,573,false
J5ND73,desktop,2026-09-01T20:57:23.621Z,29,false,nonword,no,bottle,narse,no,true,809,false
J5ND73,desktop,2026-09-01T20:57:23.621Z,30,false,nonword,no,crade,garden,no,true,975,false
J5ND73,desktop,2026-09-01T20:57:23.621Z,31,false,associated,yes,hand,foot,yes,true,583,false
J5ND73,desktop,2026-09-01T20:57:23.621Z,32,false,nonword,no,trell,pillow,no,true,853,false
J5ND73,desktop,2026-09-01T20:57:23.621Z,33,false,associated,yes,husband,wife,yes,true,694,false
J5ND73,desktop,2026-09-01T20:57:23.621Z,34,false,nonword,no,paner,sturn,no,true,737,false
J5ND73,desktop,2026-09-01T20:57:23.621Z,35,false,associated,yes,spider,web,,false,,false
J5ND73,desktop,2026-09-01T20:57:23.621Z,36,false,unassociated,yes,sun,nail,yes,true,827,false
J5ND73,desktop,2026-09-01T20:57:23.621Z,37,false,nonword,no,vosk,naight,no,true,867,false
J5ND73,desktop,2026-09-01T20:57:23.621Z,38,false,nonword,no,flim,velvet,no,true,847,false
J5ND73,desktop,2026-09-01T20:57:23.621Z,39,false,nonword,no,candle,saucel,no,true,745,false
J5ND73,desktop,2026-09-01T20:57:23.621Z,40,false,associated,yes,bride,groom,yes,true,1113,false
J5ND73,desktop,2026-09-01T20:57:23.621Z,41,false,nonword,no,plome,brend,no,true,1149,false
J5ND73,desktop,2026-09-01T20:57:23.621Z,42,false,nonword,no,thumber,blick,no,true,759,false
J5ND73,desktop,2026-09-01T20:57:23.621Z,43,false,nonword,no,silver,graib,no,true,969,false
J5ND73,desktop,2026-09-01T20:57:23.621Z,44,false,associated,yes,doctor,nurse,yes,true,811,false
J5ND73,desktop,2026-09-01T20:57:23.621Z,45,false,nonword,no,mether,pencil,no,true,822,false
J5ND73,desktop,2026-09-01T20:57:23.621Z,46,false,associated,yes,pen,paper,yes,true,824,false
J5ND73,desktop,2026-09-01T20:57:23.621Z,47,false,unassociated,yes,hammer,moon,yes,true,918,false
J5ND73,desktop,2026-09-01T20:57:23.621Z,48,false,associated,yes,salt,pepper,yes,true,626,false
J5ND73,desktop,2026-09-01T20:57:23.621Z,49,false,unassociated,yes,boy,thread,yes,true,809,false
J5ND73,desktop,2026-09-01T20:57:23.621Z,50,false,unassociated,yes,shoe,cold,yes,true,793,false
J5ND73,desktop,2026-09-01T20:57:23.621Z,51,false,nonword,no,jacket,scok,no,true,824,false
J5ND73,desktop,2026-09-01T20:57:23.621Z,52,false,associated,yes,table,chair,yes,true,667,false
J5ND73,desktop,2026-09-01T20:57:23.621Z,53,false,nonword,no,music,hant,no,true,1197,false
J5ND73,desktop,2026-09-01T20:57:23.621Z,54,false,nonword,no,engine,wab,no,true,1210,false
JBHQXT,desktop,2026-09-01T20:57:41.045Z,1,true,unassociated,yes,shirt,river,yes,true,1002,false
JBHQXT,desktop,2026-09-01T20:57:41.045Z,2,true,associated,yes,north,south,yes,true,614,false
JBHQXT,desktop,2026-09-01T20:57:41.045Z,3,true,nonword,no,lamp,gorp,no,true,929,false
JBHQXT,desktop,2026-09-01T20:57:41.045Z,4,true,nonword,no,trink,house,yes,false,946,false
JBHQXT,desktop,2026-09-01T20:57:41.045Z,5,true,associated,yes,coffee,tea,yes,true,1093,false
JBHQXT,desktop,2026-09-01T20:57:41.045Z,6,true,unassociated,yes,apple,door,no,false,110,false
JBHQXT,desktop,2026-09-01T20:57:41.045Z,7,false,unassociated,yes,bride,nail,yes,true,3372,false
JBHQXT,desktop,2026-09-01T20:57:41.045Z,8,false,unassociated,yes,husband,pepper,yes,true,788,false
JBHQXT,desktop,2026-09-01T20:57:41.045Z,9,false,unassociated,yes,lock,girl,no,false,703,false
JBHQXT,desktop,2026-09-01T20:57:41.045Z,10,false,nonword,no,thumber,jacket,no,true,873,false
JBHQXT,desktop,2026-09-01T20:57:41.045Z,11,false,nonword,no,fonk,wallet,no,true,745,false
JBHQXT,desktop,2026-09-01T20:57:41.045Z,12,false,nonword,no,chaif,trell,no,true,778,false
JBHQXT,desktop,2026-09-01T20:57:41.045Z,13,false,nonword,no,blick,tunnel,no,true,1026,false
JBHQXT,desktop,2026-09-01T20:57:41.045Z,14,false,associated,yes,shoe,sock,yes,true,686,false
JBHQXT,desktop,2026-09-01T20:57:41.045Z,15,false,associated,yes,bread,butter,yes,true,619,false
JBHQXT,desktop,2026-09-01T20:57:41.045Z,16,false,associated,yes,king,queen,yes,true,771,false
JBHQXT,desktop,2026-09-01T20:57:41.045Z,17,false,nonword,no,threed,brend,no,true,793,false
JBHQXT,desktop,2026-09-01T20:57:41.045Z,18,false,nonword,no,paner,narse,,false,,false
JBHQXT,desktop,2026-09-01T20:57:41.045Z,19,false,nonword,no,crade,moin,no,true,886,false
JBHQXT,desktop,2026-09-01T20:57:41.045Z,20,false,nonword,no,monkey,pelper,no,true,1055,false
JBHQXT,desktop,2026-09-01T20:57:41.045Z,21,false,nonword,no,planet,saucel,yes,false,765,false
JBHQXT,desktop,2026-09-01T20:57:41.045Z,22,false,unassociated,yes,hand,groom,yes,true,832,false
JBHQXT,desktop,2026-09-01T20:57:41.045Z,23,false,associated,yes,table,chair,yes,true,637,false
JBHQXT,desktop,2026-09-01T20:57:41.045Z,24,false,unassociated,yes,mother,nurse,yes,true,3295,false
JBHQXT,desktop,2026-09-01T20:57:41.045Z,25,false,nonword,no,hant,candle,no,true,1180,false
JBHQXT,desktop,2026-09-01T20:57:41.045Z,26,false,unassociated,yes,black,father,yes,true,696,true
JBHQXT,desktop,2026-09-01T20:57:41.045Z,27,false,nonword,no,vosk,flim,no,true,1067,false
JBHQXT,desktop,2026-09-01T20:57:41.045Z,28,false,nonword,no,sturn,borl,no,true,1043,false
JBHQXT,desktop,2026-09-01T20:57:41.045Z,29,false,associated,yes,spider,web,yes,true,773,false
JBHQXT,desktop,2026-09-01T20:57:41.045Z,30,false,nonword,no,garden,groop,yes,false,940,false
JBHQXT,desktop,2026-09-01T20:57:41.045Z,31,false,nonword,no,market,scok,no,true,979,false
JBHQXT,desktop,2026-09-01T20:57:41.045Z,32,false,associated,yes,hot,cold,yes,true,534,false
JBHQXT,desktop,2026-09-01T20:57:41.045Z,33,false,nonword,no,engine,wibe,no,true,1068,false
JBHQXT,desktop,2026-09-01T20:57:41.045Z,34,false,nonword,no,naight,pillow,no,true,855,false
JBHQXT,desktop,2026-09-01T20:57:41.045Z,35,false,unassociated,yes,salt,white,yes,true,759,false
JBHQXT,desktop,2026-09-01T20:57:41.045Z,36,false,associated,yes,day,night,yes,true,797,false
JBHQXT,desktop,2026-09-01T20:57:41.045Z,37,false,unassociated,yes,hammer,wife,yes,true,660,false
JBHQXT,desktop,2026-09-01T20:57:41.045Z,38,false,unassociated,yes,doctor,foot,no,false,675,false
JBHQXT,desktop,2026-09-01T20:57:41.045Z,39,false,associated,yes,cat,dog,yes,true,768,false
JBHQXT,desktop,2026-09-01T20:57:41.045Z,40,false,associated,yes,thunder,lightning,yes,true,634,false
JBHQXT,desktop,2026-09-01T20:57:41.045Z,41,false,nonword,no,bottle,plome,no,true,929,false
JBHQXT,desktop,2026-09-01T20:57:41.045Z,42,false,nonword,no,nammer,darp,yes,false,947,false
JBHQXT,desktop,2026-09-01T20:57:41.045Z,43,false,unassociated,yes,needle,moon,yes,true,767,false
JBHQXT,desktop,2026-09-01T20:57:41.045Z,44,false,nonword,no,forest,dorg,no,true,594,false
JBHQXT,desktop,2026-09-01T20:57:41.045Z,45,false,nonword,no,kez,window,no,true,938,false
JBHQXT,desktop,2026-09-01T20:57:41.045Z,46,false,unassociated,yes,boy,thread,yes,true,699,false
JBHQXT,desktop,2026-09-01T20:57:41.045Z,47,false,nonword,no,cald,quing,no,true,696,false
JBHQXT,desktop,2026-09-01T20:57:41.045Z,48,false,associated,yes,pen,paper,yes,true,816,false
JBHQXT,desktop,2026-09-01T20:57:41.045Z,49,false,nonword,no,wab,pencil,no,true,864,false
JBHQXT,desktop,2026-09-01T20:57:41.045Z,50,false,nonword,no,silver,mether,no,true,660,false
JBHQXT,desktop,2026-09-01T20:57:41.045Z,51,false,associated,yes,cup,saucer,yes,true,784,false
JBHQXT,desktop,2026-09-01T20:57:41.045Z,52,false,associated,yes,knife,fork,yes,true,580,false
JBHQXT,desktop,2026-09-01T20:57:41.045Z,53,false,unassociated,yes,sun,key,yes,true,1008,false
JBHQXT,desktop,2026-09-01T20:57:41.045Z,54,false,nonword,no,graib,rocket,no,true,1001,false
K8BZJ9,desktop,2026-09-01T20:58:50.924Z,1,true,associated,yes,coffee,tea,yes,true,1210,false
K8BZJ9,desktop,2026-09-01T20:58:50.924Z,2,true,unassociated,yes,apple,door,yes,true,1066,false
K8BZJ9,desktop,2026-09-01T20:58:50.924Z,3,true,nonword,no,lamp,gorp,yes,false,876,false
K8BZJ9,desktop,2026-09-01T20:58:50.924Z,4,true,unassociated,yes,shirt,river,yes,true,787,false
K8BZJ9,desktop,2026-09-01T20:58:50.924Z,5,true,nonword,no,trink,house,no,true,1071,false
K8BZJ9,desktop,2026-09-01T20:58:50.924Z,6,true,associated,yes,north,south,yes,true,686,false
K8BZJ9,desktop,2026-09-01T20:58:50.924Z,7,false,unassociated,yes,day,chair,yes,true,698,false
K8BZJ9,desktop,2026-09-01T20:58:50.924Z,8,false,nonword,no,pelper,wab,yes,false,1033,false
K8BZJ9,desktop,2026-09-01T20:58:50.924Z,9,false,nonword,no,pencil,plome,no,true,773,false
K8BZJ9,desktop,2026-09-01T20:58:50.924Z,10,false,unassociated,yes,hammer,white,yes,true,901,false
K8BZJ9,desktop,2026-09-01T20:58:50.924Z,11,false,unassociated,yes,cup,nail,yes,true,747,false
K8BZJ9,desktop,2026-09-01T20:58:50.924Z,12,false,nonword,no,wibe,wallet,no,true,911,false
K8BZJ9,desktop,2026-09-01T20:58:50.924Z,13,false,associated,yes,mother,father,yes,true,942,false
K8BZJ9,desktop,2026-09-01T20:58:50.924Z,14,false,nonword,no,forest,darp,no,true,546,false
K8BZJ9,desktop,2026-09-01T20:58:50.924Z,15,false,unassociated,yes,salt,paper,yes,true,554,false
K8BZJ9,desktop,2026-09-01T20:58:50.924Z,16,false,nonword,no,jacket,crade,no,true,1086,false
K8BZJ9,desktop,2026-09-01T20:58:50.924Z,17,false,unassociated,yes,pen,queen,yes,true,894,false
K8BZJ9,desktop,2026-09-01T20:58:50.924Z,18,false,nonword,no,planet,quing,no,true,5539,false
K8BZJ9,desktop,2026-09-01T20:58:50.924Z,19,false,nonword,no,engine,thumber,no,true,823,false
K8BZJ9,desktop,2026-09-01T20:58:50.924Z,20,false,nonword,no,kez,garden,yes,false,1349,false
K8BZJ9,desktop,2026-09-01T20:58:50.924Z,21,false,associated,yes,knife,fork,yes,true,752,false
K8BZJ9,desktop,2026-09-01T20:58:50.924Z,22,false,nonword,no,saucel,monkey,no,true,813,false
K8BZJ9,desktop,2026-09-01T20:58:50.924Z,23,false,unassociated,yes,black,night,yes,true,737,false
K8BZJ9,desktop,2026-09-01T20:58:50.924Z,24,false,nonword,no,cald,paner,no,true,720,false
K8BZJ9,desktop,2026-09-01T20:58:50.924Z,25,false,unassociated,yes,sun,girl,yes,true,612,false
K8BZJ9,desktop,2026-09-01T20:58:50.924Z,26,false,associated,yes,needle,thread,yes,true,695,false
K8BZJ9,desktop,2026-09-01T20:58:50.924Z,27,false,nonword,no,letter,blick,no,true,837,false
K8BZJ9,desktop,2026-09-01T20:58:50.924Z,28,false,nonword,no,borl,music,no,true,779,false
K8BZJ9,desktop,2026-09-01T20:58:50.924Z,29,false,associated,yes,shoe,sock,yes,true,726,false
K8BZJ9,desktop,2026-09-01T20:58:50.924Z,30,false,associated,yes,bread,butter,yes,true,136,false
K8BZJ9,desktop,2026-09-01T20:58:50.924Z,31,false,nonword,no,groop,graib,no,true,704,false
K8BZJ9,desktop,2026-09-01T20:58:50.924Z,32,false,associated,yes,husband,wife,yes,true,1142,false
K8BZJ9,desktop,2026-09-01T20:58:50.924Z,33,false,nonword,no,scok,tunnel,no,true,1083,false
K8BZJ9,desktop,2026-09-01T20:58:50.924Z,34,false,unassociated,yes,spider,saucer,yes,true,707,false
K8BZJ9,desktop,2026-09-01T20:58:50.924Z,35,false,nonword,no,narse,hant,no,true,880,false
K8BZJ9,desktop,2026-09-01T20:58:50.924Z,36,false,associated,yes,hand,foot,yes,true,648,false
K8BZJ9,desktop,2026-09-01T20:58:50.924Z,37,false,nonword,no,basket,naight,no,true,757,false
K8BZJ9,desktop,2026-09-01T20:58:50.924Z,38,false,associated,yes,doctor,nurse,no,false,603,false
K8BZJ9,desktop,2026-09-01T20:58:50.924Z,39,false,associated,yes,hot,cold,yes,true,752,false
K8BZJ9,desktop,2026-09-01T20:58:50.924Z,40,false,nonword,no,dorg,sturn,no,true,749,false
K8BZJ9,desktop,2026-09-01T20:58:50.924Z,41,false,unassociated,yes,bride,pepper,no,false,874,false
K8BZJ9,desktop,2026-09-01T20:58:50.924Z,42,false,nonword,no,flim,market,yes,false,762,false
K8BZJ9,desktop,2026-09-01T20:58:50.924Z,43,false,nonword,no,moin,pillow,no,true,678,false
K8BZJ9,desktop,2026-09-01T20:58:50.924Z,44,false,nonword,no,mether,fonk,no,true,1080,false
K8BZJ9,desktop,2026-09-01T20:58:50.924Z,45,false,nonword,no,bottle,threed,yes,false,833,false
K8BZJ9,desktop,2026-09-01T20:58:50.924Z,46,false,nonword,no,nammer,chaif,no,true,976,false
K8BZJ9,desktop,2026-09-01T20:58:50.924Z,47,false,unassociated,yes,king,web,yes,true,976,false
K8BZJ9,desktop,2026-09-01T20:58:50.924Z,48,false,associated,yes,thunder,lightning,yes,true,525,false
K8BZJ9,desktop,2026-09-01T20:58:50.924Z,49,false,associated,yes,lock,key,yes,true,861,false
K8BZJ9,desktop,2026-09-01T20:58:50.924Z,50,false,unassociated,yes,boy,groom,yes,true,761,false
K8BZJ9,desktop,2026-09-01T20:58:50.924Z,51,false,nonword,no,trell,vosk,no,true,841,false
K8BZJ9,desktop,2026-09-01T20:58:50.924Z,52,false,unassociated,yes,table,moon,no,false,945,false
K8BZJ9,desktop,2026-09-01T20:58:50.924Z,53,false,associated,yes,cat,dog,yes,true,1081,false
K8BZJ9,desktop,2026-09-01T20:58:50.924Z,54,false,nonword,no,brend,candle,no,true,875,false
KDT6IW,desktop,2026-09-01T20:59:10.031Z,1,true,associated,yes,north,south,yes,true,593,false
KDT6IW,desktop,2026-09-01T20:59:10.031Z,2,true,unassociated,yes,shirt,river,yes,true,975,false
KDT6IW,desktop,2026-09-01T20:59:10.031Z,3,true,associated,yes,coffee,tea,yes,true,575,false
KDT6IW,desktop,2026-09-01T20:59:10.031Z,4,true,nonword,no,lamp,gorp,no,true,1305,false
KDT6IW,desktop,2026-09-01T20:59:10.031Z,5,true,nonword,no,trink,house,yes,false,852,false
KDT6IW,desktop,2026-09-01T20:59:10.031Z,6,true,unassociated,yes,apple,door,yes,true,1019,false
KDT6IW,desktop,2026-09-01T20:59:10.031Z,7,false,associated,yes,doctor,nurse,yes,true,832,false
KDT6IW,desktop,2026-09-01T20:59:10.031Z,8,false,nonword,no,moin,dorg,no,true,1047,false
KDT6IW,desktop,2026-09-01T20:59:10.031Z,9,false,associated,yes,needle,thread,yes,true,935,false
KDT6IW,desktop,2026-09-01T20:59:10.031Z,10,false,nonword,no,market,plome,no,true,921,false
KDT6IW,desktop,2026-09-01T20:59:10.031Z,11,false,unassociated,yes,cat,web,yes,true,854,false
KDT6IW,desktop,2026-09-01T20:59:10.031Z,12,false,nonword,no,chaif,window,no,true,825,false
KDT6IW,desktop,2026-09-01T20:59:10.031Z,13,false,unassociated,yes,spider,pepper,yes,true,834,false
KDT6IW,desktop,2026-09-01T20:59:10.031Z,14,false,nonword,no,borl,monkey,no,true,1077,false
KDT6IW,desktop,2026-09-01T20:59:10.031Z,15,false,associated,yes,lock,key,yes,true,710,false
KDT6IW,desktop,2026-09-01T20:59:10.031Z,16,false,associated,yes,king,queen,yes,true,623,false
KDT6IW,desktop,2026-09-01T20:59:10.031Z,17,false,unassociated,yes,knife,paper,yes,true,913,false
KDT6IW,desktop,2026-09-01T20:59:10.031Z,18,false,unassociated,yes,husband,moon,yes,true,1253,false
KDT6IW,desktop,2026-09-01T20:59:10.031Z,19,false,nonword,no,quing,bottle,no,true,748,false
KDT6IW,desktop,2026-09-01T20:59:10.031Z,20,false,associated,yes,boy,girl,yes,true,876,false
KDT6IW,desktop,2026-09-01T20:59:10.031Z,21,false,associated,yes,hand,foot,yes,true,757,false
KDT6IW,desktop,2026-09-01T20:59:10.031Z,22,false,nonword,no,wibe,pelper,yes,false,973,false
KDT6IW,desktop,2026-09-01T20:59:10.031Z,23,false,associated,yes,hammer,nail,yes,true,748,false
KDT6IW,desktop,2026-09-01T20:59:10.031Z,24,false,nonword,no,threed,dinner,no,true,871,false
KDT6IW,desktop,2026-09-01T20:59:10.031Z,25,false,associated,yes,cup,saucer,yes,true,858,false
KDT6IW,desktop,2026-09-01T20:59:10.031Z,26,false,nonword,no,garden,kez,yes,false,869,false
KDT6IW,desktop,2026-09-01T20:59:10.031Z,27,false,nonword,no,darp,silver,no,true,1199,false
KDT6IW,desktop,2026-09-01T20:59:10.031Z,28,false,associated,yes,bread,butter,yes,true,643,false
KDT6IW,desktop,2026-09-01T20:59:10.031Z,29,false,nonword,no,rocket,trell,no,true,785,false
KDT6IW,desktop,2026-09-01T20:59:10.031Z,30,false,unassociated,yes,shoe,father,yes,true,909,false
KDT6IW,desktop,2026-09-01T20:59:10.031Z,31,false,unassociated,yes,day,groom,yes,true,626,false
KDT6IW,desktop,2026-09-01T20:59:10.031Z,32,false,nonword,no,forest,nammer,no,true,803,false
KDT6IW,desktop,2026-09-01T20:59:10.031Z,33,false,unassociated,yes,mother,dog,yes,true,810,false
KDT6IW,desktop,2026-09-01T20:59:10.031Z,34,false,nonword,no,flim,carpet,no,true,930,false
KDT6IW,desktop,2026-09-01T20:59:10.031Z,35,false,unassociated,yes,sun,wife,yes,true,914,false
KDT6IW,desktop,2026-09-01T20:59:10.031Z,36,false,nonword,no,naight,vosk,no,true,1013,false
KDT6IW,desktop,2026-09-01T20:59:10.031Z,37,false,unassociated,yes,salt,fork,yes,true,1179,false
KDT6IW,desktop,2026-09-01T20:59:10.031Z,38,false,nonword,no,thumber,narse,no,true,1113,false
KDT6IW,desktop,2026-09-01T20:59:10.031Z,39,false,nonword,no,hant,cald,no,true,854,false
KDT6IW,desktop,2026-09-01T20:59:10.031Z,40,false,unassociated,yes,black,sock,yes,true,901,false
KDT6IW,desktop,2026-09-01T20:59:10.031Z,41,false,nonword,no,brend,pencil,no,true,992,false
KDT6IW,desktop,2026-09-01T20:59:10.031Z,42,false,nonword,no,scok,wab,no,true,762,false
KDT6IW,desktop,2026-09-01T20:59:10.031Z,43,false,nonword,no,yellow,graib,no,true,718,false
KDT6IW,desktop,2026-09-01T20:59:10.031Z,44,false,nonword,no,blick,basket,no,true,940,false
KDT6IW,desktop,2026-09-01T20:59:10.031Z,45,false,nonword,no,pillow,saucel,no,true,1013,false
KDT6IW,desktop,2026-09-01T20:59:10.031Z,46,false,associated,yes,table,chair,yes,true,676,false
KDT6IW,desktop,2026-09-01T20:59:10.031Z,47,false,unassociated,yes,bride,white,yes,true,1393,false
KDT6IW,desktop,2026-09-01T20:59:10.031Z,48,false,nonword,no,paner,crade,no,true,924,false
KDT6IW,desktop,2026-09-01T20:59:10.031Z,49,false,associated,yes,hot,cold,yes,true,792,false
KDT6IW,desktop,2026-09-01T20:59:10.031Z,50,false,nonword,no,sturn,mether,no,true,909,false
KDT6IW,desktop,2026-09-01T20:59:10.031Z,51,false,associated,yes,thunder,lightning,yes,true,635,true
KDT6IW,desktop,2026-09-01T20:59:10.031Z,52,false,unassociated,yes,pen,night,yes,true,681,false
KDT6IW,desktop,2026-09-01T20:59:10.031Z,53,false,nonword,no,planet,fonk,yes,false,739,false
KDT6IW,desktop,2026-09-01T20:59:10.031Z,54,false,nonword,no,engine,groop,no,true,1292,false
PH19UH,touch,2026-09-01T21:01:25.738Z,1,true,nonword,no,trink,house,no,true,954,false
PH19UH,touch,2026-09-01T21:01:25.738Z,2,true,nonword,no,lamp,gorp,no,true,795,false
PH19UH,touch,2026-09-01T21:01:25.738Z,3,true,associated,yes,north,south,yes,true,753,false
PH19UH,touch,2026-09-01T21:01:25.738Z,4,true,associated,yes,coffee,tea,yes,true,1250,false
PH19UH,touch,2026-09-01T21:01:25.738Z,5,true,unassociated,yes,shirt,river,yes,true,778,false
PH19UH,touch,2026-09-01T21:01:25.738Z,6,true,unassociated,yes,apple,door,yes,true,717,false
PH19UH,touch,2026-09-01T21:01:25.738Z,7,false,associated,yes,hammer,nail,,false,,false
PH19UH,touch,2026-09-01T21:01:25.738Z,8,false,nonword,no,wallet,graib,no,true,651,false
PH19UH,touch,2026-09-01T21:01:25.738Z,9,false,unassociated,yes,pen,wife,yes,true,727,false
PH19UH,touch,2026-09-01T21:01:25.738Z,10,false,associated,yes,needle,thread,yes,true,777,false
PH19UH,touch,2026-09-01T21:01:25.738Z,11,false,nonword,no,trell,flim,no,true,932,false
PH19UH,touch,2026-09-01T21:01:25.738Z,12,false,associated,yes,lock,key,yes,true,551,false
PH19UH,touch,2026-09-01T21:01:25.738Z,13,false,nonword,no,engine,plome,no,true,783,false
PH19UH,touch,2026-09-01T21:01:25.738Z,14,false,nonword,no,window,quing,yes,false,877,false
PH19UH,touch,2026-09-01T21:01:25.738Z,15,false,nonword,no,tunnel,wab,no,true,756,false
PH19UH,touch,2026-09-01T21:01:25.738Z,16,false,unassociated,yes,doctor,groom,yes,true,743,false
PH19UH,touch,2026-09-01T21:01:25.738Z,17,false,nonword,no,pelper,brend,no,true,577,false
PH19UH,touch,2026-09-01T21:01:25.738Z,18,false,nonword,no,darp,velvet,no,true,615,false
PH19UH,touch,2026-09-01T21:01:25.738Z,19,false,nonword,no,jacket,borl,no,true,985,false
PH19UH,touch,2026-09-01T21:01:25.738Z,20,false,nonword,no,moin,pillow,no,true,913,false
PH19UH,touch,2026-09-01T21:01:25.738Z,21,false,nonword,no,paner,dorg,no,true,870,false
PH19UH,touch,2026-09-01T21:01:25.738Z,22,false,unassociated,yes,boy,foot,yes,true,843,false
PH19UH,touch,2026-09-01T21:01:25.738Z,23,false,nonword,no,market,blick,no,true,962,false
PH19UH,touch,2026-09-01T21:01:25.738Z,24,false,associated,yes,cat,dog,yes,true,793,false
PH19UH,touch,2026-09-01T21:01:25.738Z,25,false,nonword,no,dinner,thumber,yes,false,978,false
PH19UH,touch,2026-09-01T21:01:25.738Z,26,false,nonword,no,nammer,music,no,true,1221,false
PH19UH,touch,2026-09-01T21:01:25.738Z,27,false,nonword,no,threed,sturn,no,true,880,false
PH19UH,touch,2026-09-01T21:01:25.738Z,28,false,nonword,no,scok,rocket,no,true,1097,false
PH19UH,touch,2026-09-01T21:01:25.738Z,29,false,nonword,no,groop,pencil,no,true,854,false
PH19UH,touch,2026-09-01T21:01:25.738Z,30,false,nonword,no,crade,chaif,no,true,849,false
PH19UH,touch,2026-09-01T21:01:25.738Z,31,false,unassociated,yes,knife,nurse,yes,true,964,true
PH19UH,touch,2026-09-01T21:01:25.738Z,32,false,unassociated,yes,table,butter,yes,true,686,false
PH19UH,touch,2026-09-01T21:01:25.738Z,33,false,unassociated,yes,sun,chair,yes,true,848,false
PH19UH,touch,2026-09-01T21:01:25.738Z,34,false,nonword,no,letter,narse,no,true,815,false
PH19UH,touch,2026-09-01T21:01:25.738Z,35,false,nonword,no,vosk,mether,yes,false,956,false
PH19UH,touch,2026-09-01T21:01:25.738Z,36,false,unassociated,yes,husband,girl,yes,true,730,false
PH19UH,touch,2026-09-01T21:01:25.738Z,37,false,nonword,no,kez,carpet,no,true,719,false
PH19UH,touch,2026-09-01T21:01:25.738Z,38,false,unassociated,yes,bride,web,yes,true,927,false
PH19UH,touch,2026-09-01T21:01:25.738Z,39,false,unassociated,yes,spider,lightning,yes,true,807,false
PH19UH,touch,2026-09-01T21:01:25.738Z,40,false,unassociated,yes,bread,paper,yes,true,815,false
PH19UH,touch,2026-09-01T21:01:25.738Z,41,false,associated,yes,salt,pepper,yes,true,615,false
PH19UH,touch,2026-09-01T21:01:25.738Z,42,false,nonword,no,wibe,basket,no,true,807,false
PH19UH,touch,2026-09-01T21:01:25.738Z,43,false,unassociated,yes,thunder,moon,yes,true,731,false
PH19UH,touch,2026-09-01T21:01:25.738Z,44,false,associated,yes,cup,saucer,yes,true,756,false
PH19UH,touch,2026-09-01T21:01:25.738Z,45,false,nonword,no,naight,bottle,no,true,872,false
PH19UH,touch,2026-09-01T21:01:25.738Z,46,false,associated,yes,shoe,sock,yes,true,681,false
PH19UH,touch,2026-09-01T21:01:25.738Z,47,false,nonword,no,cald,fonk,no,true,759,false
PH19UH,touch,2026-09-01T21:01:25.738Z,48,false,nonword,no,saucel,hant,no,true,937,false
PH19UH,touch,2026-09-01T21:01:25.738Z,49,false,associated,yes,king,queen,yes,true,604,false
PH19UH,touch,2026-09-01T21:01:25.738Z,50,false,associated,yes,day,night,yes,true,730,false
PH19UH,touch,2026-09-01T21:01:25.738Z,51,false,associated,yes,mother,father,yes,true,674,false
PH19UH,touch,2026-09-01T21:01:25.738Z,52,false,associated,yes,hot,cold,yes,true,733,false
PH19UH,touch,2026-09-01T21:01:25.738Z,53,false,associated,yes,black,white,yes,true,718,false
PH19UH,touch,2026-09-01T21:01:25.738Z,54,false,unassociated,yes,hand,fork,yes,true,973,false
RBM7FR,desktop,2026-09-01T21:02:43.317Z,1,true,associated,yes,coffee,tea,yes,true,674,false
RBM7FR,desktop,2026-09-01T21:02:43.317Z,2,true,unassociated,yes,shirt,river,yes,true,659,false
RBM7FR,desktop,2026-09-01T21:02:43.317Z,3,true,associated,yes,north,south,yes,true,654,false
RBM7FR,desktop,2026-09-01T21:02:43.317Z,4,true,nonword,no,trink,house,yes,false,814,false
RBM7FR,desktop,2026-09-01T21:02:43.317Z,5,true,nonword,no,lamp,gorp,no,true,784,false
RBM7FR,desktop,2026-09-01T21:02:43.317Z,6,true,unassociated,yes,apple,door,yes,true,713,false
RBM7FR,desktop,2026-09-01T21:02:43.317Z,7,false,unassociated,yes,bride,lightning,no,false,681,false
RBM7FR,desktop,2026-09-01T21:02:43.317Z,8,false,associated,yes,pen,paper,yes,true,499,false
RBM7FR,desktop,2026-09-01T21:02:43.317Z,9,false,unassociated,yes,lock,nail,yes,true,3964,false
RBM7FR,desktop,2026-09-01T21:02:43.317Z,10,false,nonword,no,flim,basket,no,true,779,false
RBM7FR,desktop,2026-09-01T21:02:43.317Z,11,false,associated,yes,salt,pepper,no,false,815,false
RBM7FR,desktop,2026-09-01T21:02:43.317Z,12,false,associated,yes,doctor,nurse,yes,true,648,false
RBM7FR,desktop,2026-09-01T21:02:43.317Z,13,false,associated,yes,hand,foot,yes,true,554,false
RBM7FR,desktop,2026-09-01T21:02:43.317Z,14,false,nonword,no,darp,rocket,no,true,686,false
RBM7FR,desktop,2026-09-01T21:02:43.317Z,15,false,associated,yes,king,queen,yes,true,597,false
RBM7FR,desktop,2026-09-01T21:02:43.317Z,16,false,nonword,no,chaif,wibe,no,true,796,false
RBM7FR,desktop,2026-09-01T21:02:43.317Z,17,false,nonword,no,hant,window,no,true,629,false
RBM7FR,desktop,2026-09-01T21:02:43.317Z,18,false,nonword,no,paner,silver,yes,false,761,false
RBM7FR,desktop,2026-09-01T21:02:43.317Z,19,false,nonword,no,graib,naight,no,true,740,false
RBM7FR,desktop,2026-09-01T21:02:43.317Z,20,false,associated,yes,cat,dog,yes,true,533,false
RBM7FR,desktop,2026-09-01T21:02:43.317Z,21,false,nonword,no,trell,groop,no,true,799,false
RBM7FR,desktop,2026-09-01T21:02:43.317Z,22,false,unassociated,yes,shoe,wife,yes,true,751,false
RBM7FR,desktop,2026-09-01T21:02:43.317Z,23,false,nonword,no,borl,garden,no,true,443,false
RBM7FR,desktop,2026-09-01T21:02:43.317Z,24,false,nonword,no,quing,market,no,true,764,false
RBM7FR,desktop,2026-09-01T21:02:43.317Z,25,false,nonword,no,yellow,narse,no,true,1306,false
RBM7FR,desktop,2026-09-01T21:02:43.317Z,26,false,unassociated,yes,husband,moon,no,false,607,false
RBM7FR,desktop,2026-09-01T21:02:43.317Z,27,false,nonword,no,candle,moin,no,true,1105,false
RBM7FR,desktop,2026-09-01T21:02:43.317Z,28,false,nonword,no,crade,music,no,true,710,false
RBM7FR,desktop,2026-09-01T21:02:43.317Z,29,false,unassociated,yes,mother,white,yes,true,597,false
RBM7FR,desktop,2026-09-01T21:02:43.317Z,30,false,associated,yes,needle,thread,yes,true,662,false
RBM7FR,desktop,2026-09-01T21:02:43.317Z,31,false,associated,yes,table,chair,no,false,584,false
RBM7FR,desktop,2026-09-01T21:02:43.317Z,32,false,nonword,no,blick,saucel,no,true,856,false
RBM7FR,desktop,2026-09-01T21:02:43.317Z,33,false,associated,yes,cup,saucer,yes,true,5513,false
RBM7FR,desktop,2026-09-01T21:02:43.317Z,34,false,nonword,no,letter,sturn,no,true,776,false
RBM7FR,desktop,2026-09-01T21:02:43.317Z,35,false,unassociated,yes,thunder,web,yes,true,802,false
RBM7FR,desktop,2026-09-01T21:02:43.317Z,36,false,nonword,no,carpet,cald,no,true,780,false
RBM7FR,desktop,2026-09-01T21:02:43.317Z,37,false,nonword,no,kez,dorg,no,true,903,false
RBM7FR,desktop,2026-09-01T21:02:43.317Z,38,false,nonword,no,fonk,plome,no,true,897,false
RBM7FR,desktop,2026-09-01T21:02:43.317Z,39,false,associated,yes,hot,cold,yes,true,592,false
RBM7FR,desktop,2026-09-01T21:02:43.317Z,40,false,nonword,no,ladder,brend,no,true,773,false
RBM7FR,desktop,2026-09-01T21:02:43.317Z,41,false,associated,yes,knife,fork,yes,true,627,false
RBM7FR,desktop,2026-09-01T21:02:43.317Z,42,false,unassociated,yes,day,key,yes,true,745,false
RBM7FR,desktop,2026-09-01T21:02:43.317Z,43,false,nonword,no,vosk,mether,no,true,1182,false
RBM7FR,desktop,2026-09-01T21:02:43.317Z,44,false,unassociated,yes,boy,groom,yes,true,701,false
RBM7FR,desktop,2026-09-01T21:02:43.317Z,45,false,nonword,no,engine,nammer,no,true,930,false
RBM7FR,desktop,2026-09-01T21:02:43.317Z,46,false,unassociated,yes,sun,night,no,false,823,false
RBM7FR,desktop,2026-09-01T21:02:43.317Z,47,false,nonword,no,scok,threed,no,true,1064,false
RBM7FR,desktop,2026-09-01T21:02:43.317Z,48,false,unassociated,yes,spider,sock,yes,true,166,false
RBM7FR,desktop,2026-09-01T21:02:43.317Z,49,false,unassociated,yes,hammer,girl,yes,true,708,false
RBM7FR,desktop,2026-09-01T21:02:43.317Z,50,false,nonword,no,pillow,wab,no,true,521,false
RBM7FR,desktop,2026-09-01T21:02:43.317Z,51,false,associated,yes,bread,butter,yes,true,503,false
RBM7FR,desktop,2026-09-01T21:02:43.317Z,52,false,unassociated,yes,black,father,yes,true,714,false
RBM7FR,desktop,2026-09-01T21:02:43.317Z,53,false,nonword,no,wallet,pelper,no,true,909,false
RBM7FR,desktop,2026-09-01T21:02:43.317Z,54,false,nonword,no,thumber,tunnel,no,true,741,false
TKXPLT,desktop,2026-09-01T21:02:45.636Z,1,true,nonword,no,lamp,gorp,no,true,835,false
TKXPLT,desktop,2026-09-01T21:02:45.636Z,2,true,associated,yes,north,south,no,false,927,false
TKXPLT,desktop,2026-09-01T21:02:45.636Z,3,true,unassociated,yes,apple,door,yes,true,961,false
TKXPLT,desktop,2026-09-01T21:02:45.636Z,4,true,nonword,no,trink,house,yes,false,1041,false
TKXPLT,desktop,2026-09-01T21:02:45.636Z,5,true,unassociated,yes,shirt,river,,false,,false
TKXPLT,desktop,2026-09-01T21:02:45.636Z,6,true,associated,yes,coffee,tea,yes,true,745,false
TKXPLT,desktop,2026-09-01T21:02:45.636Z,7,false,nonword,no,scok,sturn,no,true,600,false
TKXPLT,desktop,2026-09-01T21:02:45.636Z,8,false,associated,yes,hot,cold,yes,true,667,false
TKXPLT,desktop,2026-09-01T21:02:45.636Z,9,false,nonword,no,silver,moin,no,true,854,false
TKXPLT,desktop,2026-09-01T21:02:45.636Z,10,false,associated,yes,lock,key,yes,true,695,false
TKXPLT,desktop,2026-09-01T21:02:45.636Z,11,false,nonword,no,quing,bottle,no,true,645,false
TKXPLT,desktop,2026-09-01T21:02:45.636Z,12,false,unassociated,yes,king,paper,yes,true,855,false
TKXPLT,desktop,2026-09-01T21:02:45.636Z,13,false,associated,yes,cat,dog,yes,true,94,false
TKXPLT,desktop,2026-09-01T21:02:45.636Z,14,false,nonword,no,darp,pelper,no,true,949,false
TKXPLT,desktop,2026-09-01T21:02:45.636Z,15,false,nonword,no,ladder,hant,no,true,688,false
TKXPLT,desktop,2026-09-01T21:02:45.636Z,16,false,nonword,no,naight,forest,no,true,676,false
TKXPLT,desktop,2026-09-01T21:02:45.636Z,17,false,unassociated,yes,sun,night,yes,true,466,false
TKXPLT,desktop,2026-09-01T21:02:45.636Z,18,false,associated,yes,black,white,yes,true,823,false
TKXPLT,desktop,2026-09-01T21:02:45.636Z,19,false,nonword,no,wab,wallet,yes,false,1103,false
TKXPLT,desktop,2026-09-01T21:02:45.636Z,20,false,unassociated,yes,bread,fork,yes,true,592,false
TKXPLT,desktop,2026-09-01T21:02:45.636Z,21,false,nonword,no,engine,nammer,yes,false,930,false
TKXPLT,desktop,2026-09-01T21:02:45.636Z,22,false,unassociated,yes,spider,thread,yes,true,637,false
TKXPLT,desktop,2026-09-01T21:02:45.636Z,23,false,nonword,no,fonk,trell,no,true,657,false
TKXPLT,desktop,2026-09-01T21:02:45.636Z,24,false,nonword,no,garden,flim,no,true,982,false
TKXPLT,desktop,2026-09-01T21:02:45.636Z,25,false,unassociated,yes,pen,wife,yes,true,599,false
TKXPLT,desktop,2026-09-01T21:02:45.636Z,26,false,associated,yes,thunder,lightning,yes,true,993,false
TKXPLT,desktop,2026-09-01T21:02:45.636Z,27,false,associated,yes,shoe,sock,yes,true,761,false
VCANBT,desktop,2026-09-01T21:03:07.596Z,1,true,nonword,no,trink,house,no,true,899,false
VCANBT,desktop,2026-09-01T21:03:07.596Z,2,true,unassociated,yes,shirt,river,yes,true,908,false
VCANBT,desktop,2026-09-01T21:03:07.596Z,3,true,unassociated,yes,apple,door,yes,true,665,false
VCANBT,desktop,2026-09-01T21:03:07.596Z,4,true,associated,yes,north,south,no,false,127,false
VCANBT,desktop,2026-09-01T21:03:07.596Z,5,true,nonword,no,lamp,gorp,no,true,844,false
VCANBT,desktop,2026-09-01T21:03:07.596Z,6,true,associated,yes,coffee,tea,yes,true,724,false
VCANBT,desktop,2026-09-01T21:03:07.596Z,7,false,nonword,no,mether,flim,no,true,763,false
VCANBT,desktop,2026-09-01T21:03:07.596Z,8,false,nonword,no,paner,garden,no,true,5628,false
VCANBT,desktop,2026-09-01T21:03:07.596Z,9,false,unassociated,yes,hand,butter,yes,true,807,false
VCANBT,desktop,2026-09-01T21:03:07.596Z,10,false,nonword,no,jacket,borl,no,true,836,false
VCANBT,desktop,2026-09-01T21:03:07.596Z,11,false,nonword,no,wibe,ladder,no,true,656,false
VCANBT,desktop,2026-09-01T21:03:07.596Z,12,false,nonword,no,blick,quing,no,true,820,false
VCANBT,desktop,2026-09-01T21:03:07.596Z,13,false,nonword,no,carpet,wab,no,true,747,false
VCANBT,desktop,2026-09-01T21:03:07.596Z,14,false,nonword,no,brend,threed,no,true,822,false
VCANBT,desktop,2026-09-01T21:03:07.596Z,15,false,nonword,no,groop,moin,no,true,501,false
VCANBT,desktop,2026-09-01T21:03:07.596Z,16,false,nonword,no,naight,dinner,no,true,715,false
VCANBT,desktop,2026-09-01T21:03:07.596Z,17,false,nonword,no,graib,darp,no,true,985,false
VCANBT,desktop,2026-09-01T21:03:07.596Z,18,false,unassociated,yes,bread,fork,yes,true,3665,false
VCANBT,desktop,2026-09-01T21:03:07.596Z,19,false,associated,yes,needle,thread,yes,true,943,false
VCANBT,desktop,2026-09-01T21:03:07.596Z,20,false,unassociated,yes,doctor,foot,yes,true,770,false
VCANBT,desktop,2026-09-01T21:03:07.596Z,21,false,nonword,no,hant,kez,yes,false,889,false
VCANBT,desktop,2026-09-01T21:03:07.596Z,22,false,associated,yes,bride,groom,yes,true,559,false
VCANBT,desktop,2026-09-01T21:03:07.596Z,23,false,nonword,no,plome,monkey,no,true,909,false
VCANBT,desktop,2026-09-01T21:03:07.596Z,24,false,nonword,no,dorg,thumber,no,true,797,false
VCANBT,desktop,2026-09-01T21:03:07.596Z,25,false,associated,yes,cup,saucer,yes,true,646,false
VCANBT,desktop,2026-09-01T21:03:07.596Z,26,false,nonword,no,nammer,window,no,true,1017,false
VCANBT,desktop,2026-09-01T21:03:07.596Z,27,false,nonword,no,cald,sturn,yes,false,584,false
VCANBT,desktop,2026-09-01T21:03:07.596Z,28,false,nonword,no,pillow,crade,no,true,879,false
VCANBT,desktop,2026-09-01T21:03:07.596Z,29,false,nonword,no,velvet,scok,no,true,880,false
VCANBT,desktop,2026-09-01T21:03:07.596Z,30,false,unassociated,yes,shoe,nurse,yes,true,583,false
VCANBT,desktop,2026-09-01T21:03:07.596Z,31,false,unassociated,yes,king,nail,yes,true,611,false
VCANBT,desktop,2026-09-01T21:03:07.596Z,32,false,nonword,no,silver,pelper,no,true,717,false
VCANBT,desktop,2026-09-01T21:03:07.596Z,33,false,associated,yes,salt,pepper,yes,true,754,false
VCANBT,desktop,2026-09-01T21:03:07.596Z,34,false,nonword,no,candle,chaif,no,true,764,false
VCANBT,desktop,2026-09-01T21:03:07.596Z,35,false,associated,yes,lock,key,yes,true,700,false
VCANBT,desktop,2026-09-01T21:03:07.596Z,36,false,nonword,no,fonk,pencil,no,true,872,false
VCANBT,desktop,2026-09-01T21:03:07.596Z,37,false,associated,yes,husband,wife,yes,true,524,false
VCANBT,desktop,2026-09-01T21:03:07.596Z,38,false,associated,yes,day,night,yes,true,655,false
VCANBT,desktop,2026-09-01T21:03:07.596Z,39,false,unassociated,yes,boy,queen,yes,true,691,false
VCANBT,desktop,2026-09-01T21:03:07.596Z,40,false,unassociated,yes,hammer,girl,yes,true,712,false
VCANBT,desktop,2026-09-01T21:03:07.596Z,41,false,associated,yes,thunder,lightning,yes,true,588,false
VCANBT,desktop,2026-09-01T21:03:07.596Z,42,false,associated,yes,mother,father,yes,true,752,false
VCANBT,desktop,2026-09-01T21:03:07.596Z,43,false,associated,yes,cat,dog,yes,true,664,false
VCANBT,desktop,2026-09-01T21:03:07.596Z,44,false,unassociated,yes,hot,web,yes,true,710,false
VCANBT,desktop,2026-09-01T21:03:07.596Z,45,false,unassociated,yes,knife,chair,yes,true,603,false
VCANBT,desktop,2026-09-01T21:03:07.596Z,46,false,nonword,no,saucel,bottle,no,true,662,false
VCANBT,desktop,2026-09-01T21:03:07.596Z,47,false,associated,yes,black,white,yes,true,758,false
VCANBT,desktop,2026-09-01T21:03:07.596Z,48,false,nonword,no,trell,yellow,no,true,794,false
VCANBT,desktop,2026-09-01T21:03:07.596Z,49,false,unassociated,yes,sun,sock,no,false,716,true
VCANBT,desktop,2026-09-01T21:03:07.596Z,50,false,unassociated,yes,spider,cold,yes,true,657,false
VCANBT,desktop,2026-09-01T21:03:07.596Z,51,false,nonword,no,market,vosk,no,true,856,false
VCANBT,desktop,2026-09-01T21:03:07.596Z,52,false,nonword,no,letter,narse,yes,false,184,false
VCANBT,desktop,2026-09-01T21:03:07.596Z,53,false,unassociated,yes,table,moon,yes,true,491,false
VCANBT,desktop,2026-09-01T21:03:07.596Z,54,false,associated,yes,pen,paper,yes,true,648,false
VV7IV6,desktop,2026-09-01T21:05:57.496Z,1,true,unassociated,yes,apple,door,yes,true,153,false
VV7IV6,desktop,2026-09-01T21:05:57.496Z,2,true,nonword,no,trink,house,no,true,977,false
VV7IV6,desktop,2026-09-01T21:05:57.496Z,3,true,associated,yes,north,south,yes,true,785,false
VV7IV6,desktop,2026-09-01T21:05:57.496Z,4,true,nonword,no,lamp,gorp,no,true,1502,false
VV7IV6,desktop,2026-09-01T21:05:57.496Z,5,true,associated,yes,coffee,tea,no,false,1027,false
VV7IV6,desktop,2026-09-01T21:05:57.496Z,6,true,unassociated,yes,shirt,river,yes,true,786,false
VV7IV6,desktop,2026-09-01T21:05:57.496Z,7,false,nonword,no,fonk,market,no,true,1304,false
VV7IV6,desktop,2026-09-01T21:05:57.496Z,8,false,nonword,no,vosk,moin,no,true,1191,false
VV7IV6,desktop,2026-09-01T21:05:57.496Z,9,false,nonword,no,dorg,mether,no,true,842,false
VV7IV6,desktop,2026-09-01T21:05:57.496Z,10,false,nonword,no,jacket,scok,no,true,858,false
VV7IV6,desktop,2026-09-01T21:05:57.496Z,11,false,nonword,no,darp,garden,no,true,1282,false
VV7IV6,desktop,2026-09-01T21:05:57.496Z,12,false,unassociated,yes,husband,paper,yes,true,937,false
VV7IV6,desktop,2026-09-01T21:05:57.496Z,13,false,unassociated,yes,black,groom,yes,true,778,false
VV7IV6,desktop,2026-09-01T21:05:57.496Z,14,false,nonword,no,thumber,threed,no,true,1043,false
VV7IV6,desktop,2026-09-01T21:05:57.496Z,15,false,associated,yes,hammer,nail,yes,true,846,false
VV7IV6,desktop,2026-09-01T21:05:57.496Z,16,false,nonword,no,dinner,narse,no,true,694,false
VV7IV6,desktop,2026-09-01T21:05:57.496Z,17,false,associated,yes,thunder,lightning,yes,true,777,false
VV7IV6,desktop,2026-09-01T21:05:57.496Z,18,false,associated,yes,king,queen,yes,true,852,false
VV7IV6,desktop,2026-09-01T21:05:57.496Z,19,false,associated,yes,salt,pepper,yes,true,651,false
VV7IV6,desktop,2026-09-01T21:05:57.496Z,20,false,unassociated,yes,cup,thread,yes,true,686,false
VV7IV6,desktop,2026-09-01T21:05:57.496Z,21,false,nonword,no,saucel,cald,yes,false,179,false
VV7IV6,desktop,2026-09-01T21:05:57.496Z,22,false,nonword,no,trell,rocket,no,true,1109,false
VV7IV6,desktop,2026-09-01T21:05:57.496Z,23,false,nonword,no,pelper,wab,no,true,804,false
VV7IV6,desktop,2026-09-01T21:05:57.496Z,24,false,associated,yes,knife,fork,yes,true,738,false
VV7IV6,desktop,2026-09-01T21:05:57.496Z,25,false,nonword,no,chaif,plome,no,true,1240,false
VV7IV6,desktop,2026-09-01T21:05:57.496Z,26,false,nonword,no,graib,kez,no,true,793,false
VV7IV6,desktop,2026-09-01T21:05:57.496Z,27,false,associated,yes,mother,father,yes,true,1018,false
VV7IV6,desktop,2026-09-01T21:05:57.496Z,28,false,nonword,no,pillow,naight,no,true,1064,false
VV7IV6,desktop,2026-09-01T21:05:57.496Z,29,false,unassociated,yes,pen,dog,yes,true,654,false
VV7IV6,desktop,2026-09-01T21:05:57.496Z,30,false,nonword,no,candle,wibe,no,true,899,false
VV7IV6,desktop,2026-09-01T21:05:57.496Z,31,false,nonword,no,ladder,quing,no,true,966,false
VV7IV6,desktop,2026-09-01T21:05:57.496Z,32,false,associated,yes,bread,butter,yes,true,758,false
VV7IV6,desktop,2026-09-01T21:05:57.496Z,33,false,unassociated,yes,sun,wife,yes,true,1085,false
VV7IV6,desktop,2026-09-01T21:05:57.496Z,34,false,unassociated,yes,hand,white,yes,true,750,false
VV7IV6,desktop,2026-09-01T21:05:57.496Z,35,false,nonword,no,hant,velvet,no,true,853,true
VV7IV6,desktop,2026-09-01T21:05:57.496Z,36,false,nonword,no,nammer,forest,no,true,1294,false
VV7IV6,desktop,2026-09-01T21:05:57.496Z,37,false,nonword,no,tunnel,brend,no,true,848,false
VV7IV6,desktop,2026-09-01T21:05:57.496Z,38,false,associated,yes,lock,key,yes,true,852,false
VV7IV6,desktop,2026-09-01T21:05:57.496Z,39,false,nonword,no,planet,flim,no,true,927,false
VV7IV6,desktop,2026-09-01T21:05:57.496Z,40,false,nonword,no,engine,crade,no,true,958,false
VV7IV6,desktop,2026-09-01T21:05:57.496Z,41,false,associated,yes,spider,web,yes,true,789,false
VV7IV6,desktop,2026-09-01T21:05:57.496Z,42,false,unassociated,yes,shoe,night,yes,true,648,false
VV7IV6,desktop,2026-09-01T21:05:57.496Z,43,false,associated,yes,hot,cold,yes,true,632,false
VV7IV6,desktop,2026-09-01T21:05:57.496Z,44,false,unassociated,yes,needle,foot,yes,true,864,false
VV7IV6,desktop,2026-09-01T21:05:57.496Z,45,false,associated,yes,doctor,nurse,yes,true,686,false
VV7IV6,desktop,2026-09-01T21:05:57.496Z,46,false,nonword,no,sturn,silver,no,true,775,false
VV7IV6,desktop,2026-09-01T21:05:57.496Z,47,false,nonword,no,groop,letter,no,true,1011,false
VV7IV6,desktop,2026-09-01T21:05:57.496Z,48,false,unassociated,yes,cat,chair,yes,true,754,false
VV7IV6,desktop,2026-09-01T21:05:57.496Z,49,false,nonword,no,borl,blick,no,true,1034,false
VV7IV6,desktop,2026-09-01T21:05:57.496Z,50,false,nonword,no,paner,yellow,no,true,779,false
VV7IV6,desktop,2026-09-01T21:05:57.496Z,51,false,unassociated,yes,bride,saucer,yes,true,708,false
VV7IV6,desktop,2026-09-01T21:05:57.496Z,52,false,unassociated,yes,day,moon,yes,true,630,false
VV7IV6,desktop,2026-09-01T21:05:57.496Z,53,false,unassociated,yes,table,sock,yes,true,998,false
VV7IV6,desktop,2026-09-01T21:05:57.496Z,54,false,associated,yes,boy,girl,yes,true,985,false
ZL5Z43,desktop,2026-09-01T21:10:54.534Z,1,true,unassociated,yes,shirt,river,no,false,1015,false
ZL5Z43,desktop,2026-09-01T21:10:54.534Z,2,true,unassociated,yes,apple,door,yes,true,632,false
ZL5Z43,desktop,2026-09-01T21:10:54.534Z,3,true,nonword,no,trink,house,no,true,868,false
ZL5Z43,desktop,2026-09-01T21:10:54.534Z,4,true,nonword,no,lamp,gorp,no,true,991,false
ZL5Z43,desktop,2026-09-01T21:10:54.534Z,5,true,associated,yes,north,south,yes,true,831,false
ZL5Z43,desktop,2026-09-01T21:10:54.534Z,6,true,associated,yes,coffee,tea,yes,true,783,false
ZL5Z43,desktop,2026-09-01T21:10:54.534Z,7,false,nonword,no,chaif,trell,no,true,720,false
ZL5Z43,desktop,2026-09-01T21:10:54.534Z,8,false,unassociated,yes,lock,dog,yes,true,890,false
ZL5Z43,desktop,2026-09-01T21:10:54.534Z,9,false,nonword,no,borl,dinner,no,true,475,false
ZL5Z43,desktop,2026-09-01T21:10:54.534Z,10,false,associated,yes,salt,pepper,yes,true,595,false
ZL5Z43,desktop,2026-09-01T21:10:54.534Z,11,false,associated,yes,shoe,sock,yes,true,704,false
ZL5Z43,desktop,2026-09-01T21:10:54.534Z,12,false,unassociated,yes,husband,key,yes,true,555,false
ZL5Z43,desktop,2026-09-01T21:10:54.534Z,13,false,nonword,no,blick,thumber,no,true,654,false
ZL5Z43,desktop,2026-09-01T21:10:54.534Z,14,false,nonword,no,candle,moin,no,true,894,false
ZL5Z43,desktop,2026-09-01T21:10:54.534Z,15,false,unassociated,yes,bread,thread,yes,true,631,false
ZL5Z43,desktop,2026-09-01T21:10:54.534Z,16,false,nonword,no,music,flim,no,true,697,false
ZL5Z43,desktop,2026-09-01T21:10:54.534Z,17,false,unassociated,yes,hand,nurse,yes,true,627,false
ZL5Z43,desktop,2026-09-01T21:10:54.534Z,18,false,associated,yes,king,queen,yes,true,728,false
ZL5Z43,desktop,2026-09-01T21:10:54.534Z,19,false,nonword,no,cald,groop,yes,false,136,false
ZL5Z43,desktop,2026-09-01T21:10:54.534Z,20,false,associated,yes,boy,girl,yes,true,1103,false
ZL5Z43,desktop,2026-09-01T21:10:54.534Z,21,false,nonword,no,darp,silver,no,true,913,false
ZL5Z43,desktop,2026-09-01T21:10:54.534Z,22,false,associated,yes,bride,groom,yes,true,586,false
ZL5Z43,desktop,2026-09-01T21:10:54.534Z,23,false,nonword,no,vosk,basket,no,true,794,false
ZL5Z43,desktop,2026-09-01T21:10:54.534Z,24,false,nonword,no,brend,rocket,yes,false,705,false
ZL5Z43,desktop,2026-09-01T21:10:54.534Z,25,false,associated,yes,day,night,yes,true,568,false
ZL5Z43,desktop,2026-09-01T21:10:54.534Z,26,false,nonword,no,graib,pillow,no,true,880,false
ZL5Z43,desktop,2026-09-01T21:10:54.534Z,27,false,associated,yes,table,chair,yes,true,588,false
ZL5Z43,desktop,2026-09-01T21:10:54.534Z,28,false,associated,yes,sun,moon,no,false,846,false
ZL5Z43,desktop,2026-09-01T21:10:54.534Z,29,false,unassociated,yes,pen,foot,yes,true,727,false
ZL5Z43,desktop,2026-09-01T21:10:54.534Z,30,false,nonword,no,threed,naight,no,true,677,false
ZL5Z43,desktop,2026-09-01T21:10:54.534Z,31,false,nonword,no,engine,pelper,no,true,657,false
ZL5Z43,desktop,2026-09-01T21:10:54.534Z,32,false,associated,yes,mother,father,yes,true,677,false
ZL5Z43,desktop,2026-09-01T21:10:54.534Z,33,false,unassociated,yes,cat,web,yes,true,919,false
ZL5Z43,desktop,2026-09-01T21:10:54.534Z,34,false,unassociated,yes,doctor,white,yes,true,712,false
ZL5Z43,desktop,2026-09-01T21:10:54.534Z,35,false,nonword,no,kez,bottle,no,true,592,false
ZL5Z43,desktop,2026-09-01T21:10:54.534Z,36,false,nonword,no,sturn,wibe,no,true,786,false
ZL5Z43,desktop,2026-09-01T21:10:54.534Z,37,false,nonword,no,garden,mether,yes,false,821,false
ZL5Z43,desktop,2026-09-01T21:10:54.534Z,38,false,nonword,no,plome,paner,no,true,792,false
ZL5Z43,desktop,2026-09-01T21:10:54.534Z,39,false,nonword,no,quing,monkey,no,true,666,false
ZL5Z43,desktop,2026-09-01T21:10:54.534Z,40,false,unassociated,yes,hammer,butter,yes,true,755,false
ZL5Z43,desktop,2026-09-01T21:10:54.534Z,41,false,nonword,no,planet,wab,no,true,834,false
ZL5Z43,desktop,2026-09-01T21:10:54.534Z,42,false,nonword,no,scok,dorg,no,true,754,false
ZL5Z43,desktop,2026-09-01T21:10:54.534Z,43,false,nonword,no,nammer,market,no,true,810,false
ZL5Z43,desktop,2026-09-01T21:10:54.534Z,44,false,nonword,no,wallet,narse,no,true,900,false
ZL5Z43,desktop,2026-09-01T21:10:54.534Z,45,false,nonword,no,hant,saucel,no,true,926,false
ZL5Z43,desktop,2026-09-01T21:10:54.534Z,46,false,unassociated,yes,hot,paper,yes,true,840,false
ZL5Z43,desktop,2026-09-01T21:10:54.534Z,47,false,associated,yes,cup,saucer,yes,true,765,false
ZL5Z43,desktop,2026-09-01T21:10:54.534Z,48,false,nonword,no,velvet,fonk,no,true,521,false
ZL5Z43,desktop,2026-09-01T21:10:54.534Z,49,false,associated,yes,thunder,lightning,yes,true,581,true
ZL5Z43,desktop,2026-09-01T21:10:54.534Z,50,false,associated,yes,knife,fork,yes,true,721,false
ZL5Z43,desktop,2026-09-01T21:10:54.534Z,51,false,unassociated,yes,black,cold,yes,true,930,false
ZL5Z43,desktop,2026-09-01T21:10:54.534Z,52,false,nonword,no,jacket,crade,no,true,1041,false
ZL5Z43,desktop,2026-09-01T21:10:54.534Z,53,false,unassociated,yes,spider,nail,yes,true,642,false
ZL5Z43,desktop,2026-09-01T21:10:54.534Z,54,false,unassociated,yes,needle,wife,no,false,727,false
ZZBCE7,desktop,2026-09-01T21:10:57.897Z,1,true,associated,yes,coffee,tea,yes,true,601,false
ZZBCE7,desktop,2026-09-01T21:10:57.897Z,2,true,nonword,no,lamp,gorp,no,true,905,false
ZZBCE7,desktop,2026-09-01T21:10:57.897Z,3,true,unassociated,yes,apple,door,yes,true,938,false
ZZBCE7,desktop,2026-09-01T21:10:57.897Z,4,true,nonword,no,trink,house,no,true,990,false
ZZBCE7,desktop,2026-09-01T21:10:57.897Z,5,true,associated,yes,north,south,yes,true,858,false
ZZBCE7,desktop,2026-09-01T21:10:57.897Z,6,true,unassociated,yes,shirt,river,yes,true,843,false
ZZBCE7,desktop,2026-09-01T21:10:57.897Z,7,false,unassociated,yes,cup,cold,yes,true,572,false
ZZBCE7,desktop,2026-09-01T21:10:57.897Z,8,false,nonword,no,music,paner,no,true,745,false
ZZBCE7,desktop,2026-09-01T21:10:57.897Z,9,false,unassociated,yes,pen,thread,yes,true,647,false
ZZBCE7,desktop,2026-09-01T21:10:57.897Z,10,false,nonword,no,nammer,blick,no,true,672,false
ZZBCE7,desktop,2026-09-01T21:10:57.897Z,11,false,nonword,no,monkey,kez,yes,false,557,false
ZZBCE7,desktop,2026-09-01T21:10:57.897Z,12,false,associated,yes,salt,pepper,yes,true,632,false
ZZBCE7,desktop,2026-09-01T21:10:57.897Z,13,false,associated,yes,mother,father,yes,true,567,false
ZZBCE7,desktop,2026-09-01T21:10:57.897Z,14,false,nonword,no,yellow,chaif,no,true,774,false
ZZBCE7,desktop,2026-09-01T21:10:57.897Z,15,false,nonword,no,graib,pelper,no,true,1010,false
ZZBCE7,desktop,2026-09-01T21:10:57.897Z,16,false,nonword,no,saucel,garden,no,true,583,false
ZZBCE7,desktop,2026-09-01T21:10:57.897Z,17,false,associated,yes,cat,dog,yes,true,739,false
ZZBCE7,desktop,2026-09-01T21:10:57.897Z,18,false,associated,yes,husband,wife,yes,true,586,false
ZZBCE7,desktop,2026-09-01T21:10:57.897Z,19,false,nonword,no,wibe,letter,no,true,709,false
ZZBCE7,desktop,2026-09-01T21:10:57.897Z,20,false,nonword,no,crade,basket,yes,false,750,false
ZZBCE7,desktop,2026-09-01T21:10:57.897Z,21,false,associated,yes,spider,web,,false,,false
ZZBCE7,desktop,2026-09-01T21:10:57.897Z,22,false,nonword,no,naight,scok,no,true,950,false
ZZBCE7,desktop,2026-09-01T21:10:57.897Z,23,false,unassociated,yes,hammer,foot,yes,true,654,false
ZZBCE7,desktop,2026-09-01T21:10:57.897Z,24,false,associated,yes,black,white,yes,true,770,false
ZZBCE7,desktop,2026-09-01T21:10:57.897Z,25,false,nonword,no,silver,plome,no,true,785,false
ZZBCE7,desktop,2026-09-01T21:10:57.897Z,26,false,nonword,no,threed,sturn,no,true,578,false
ZZBCE7,desktop,2026-09-01T21:10:57.897Z,27,false,nonword,no,groop,jacket,no,true,618,false
ZZBCE7,desktop,2026-09-01T21:10:57.897Z,28,false,nonword,no,trell,darp,no,true,895,false
ZZBCE7,desktop,2026-09-01T21:10:57.897Z,29,false,associated,yes,shoe,sock,yes,true,613,false
ZZBCE7,desktop,2026-09-01T21:10:57.897Z,30,false,nonword,no,market,borl,no,true,839,false
ZZBCE7,desktop,2026-09-01T21:10:57.897Z,31,false,unassociated,yes,hand,groom,yes,true,622,false
ZZBCE7,desktop,2026-09-01T21:10:57.897Z,32,false,nonword,no,vosk,pencil,no,true,730,false
ZZBCE7,desktop,2026-09-01T21:10:57.897Z,33,false,nonword,no,mether,velvet,no,true,663,false
ZZBCE7,desktop,2026-09-01T21:10:57.897Z,34,false,nonword,no,hant,dorg,no,true,875,false
ZZBCE7,desktop,2026-09-01T21:10:57.897Z,35,false,unassociated,yes,sun,queen,yes,true,3123,false
ZZBCE7,desktop,2026-09-01T21:10:57.897Z,36,false,unassociated,yes,hot,chair,yes,true,632,false
ZZBCE7,desktop,2026-09-01T21:10:57.897Z,37,false,associated,yes,bread,butter,yes,true,656,false
ZZBCE7,desktop,2026-09-01T21:10:57.897Z,38,false,nonword,no,wab,flim,no,true,747,false
ZZBCE7,desktop,2026-09-01T21:10:57.897Z,39,false,unassociated,yes,table,key,yes,true,612,false
ZZBCE7,desktop,2026-09-01T21:10:57.897Z,40,false,nonword,no,cald,carpet,yes,false,815,false
ZZBCE7,desktop,2026-09-01T21:10:57.897Z,41,false,nonword,no,engine,fonk,no,true,941,false
ZZBCE7,desktop,2026-09-01T21:10:57.897Z,42,false,associated,yes,thunder,lightning,yes,true,690,false
ZZBCE7,desktop,2026-09-01T21:10:57.897Z,43,false,associated,yes,boy,girl,yes,true,839,false
ZZBCE7,desktop,2026-09-01T21:10:57.897Z,44,false,associated,yes,doctor,nurse,yes,true,718,false
ZZBCE7,desktop,2026-09-01T21:10:57.897Z,45,false,unassociated,yes,day,nail,yes,true,634,false
ZZBCE7,desktop,2026-09-01T21:10:57.897Z,46,false,unassociated,yes,king,moon,yes,true,782,false
ZZBCE7,desktop,2026-09-01T21:10:57.897Z,47,false,nonword,no,thumber,planet,yes,false,815,false
ZZBCE7,desktop,2026-09-01T21:10:57.897Z,48,false,unassociated,yes,lock,saucer,yes,true,782,false
ZZBCE7,desktop,2026-09-01T21:10:57.897Z,49,false,unassociated,yes,needle,night,yes,true,483,false
ZZBCE7,desktop,2026-09-01T21:10:57.897Z,50,false,associated,yes,knife,fork,no,false,743,false
ZZBCE7,desktop,2026-09-01T21:10:57.897Z,51,false,unassociated,yes,bride,paper,yes,true,670,false
ZZBCE7,desktop,2026-09-01T21:10:57.897Z,52,false,nonword,no,wallet,quing,no,true,736,false
ZZBCE7,desktop,2026-09-01T21:10:57.897Z,53,false,nonword,no,brend,moin,no,true,700,false
ZZBCE7,desktop,2026-09-01T21:10:57.897Z,54,false,nonword,no,dinner,narse,no,true,797,false
