participant_code,device,session_start,trial_index,is_practice,condition,correct_response,prime,target,response,correct,rt_ms,focus_lost
2UXIMK,desktop,2026-09-03T20:33:15.984Z,1,true,unassociated,yes,apple,door,yes,true,794,false
2UXIMK,desktop,2026-09-03T20:33:15.984Z,2,true,unassociated,yes,shirt,river,no,false,1051,false
2UXIMK,desktop,2026-09-03T20:33:15.984Z,3,true,associated,yes,north,south,yes,true,608,false
2UXIMK,desktop,2026-09-03T20:33:15.984Z,4,true,nonword,no,lamp,gorp,no,true,723,false
2UXIMK,desktop,2026-09-03T20:33:15.984Z,5,true,associated,yes,coffee,tea,yes,true,653,false
2UXIMK,desktop,2026-09-03T20:33:15.984Z,6,true,nonword,no,trink,house,no,true,631,false
2UXIMK,desktop,2026-09-03T20:33:15.984Z,7,false,unassociated,yes,bread,white,yes,true,829,false
2UXIMK,desktop,2026-09-03T20:33:15.984Z,8,false,associated,yes,cup,saucer,,false,,false
2UXIMK,desktop,2026-09-03T20:33:15.984Z,9,false,unassociated,yes,doctor,sock,yes,true,586,false
2UXIMK,desktop,2026-09-03T20:33:15.984Z,10,false,nonword,no,threed,groop,no,true,887,false
2UXIMK,desktop,2026-09-03T20:33:15.984Z,11,false,nonword,no,tunnel,brend,no,true,614,false
2UXIMK,desktop,2026-09-03T20:33:15.984Z,12,false,nonword,no,vosk,bottle,no,true,605,false
2UXIMK,desktop,2026-09-03T20:33:15.984Z,13,false,nonword,no,yellow,plome,no,true,691,false
2UXIMK,desktop,2026-09-03T20:33:15.984Z,14,false,nonword,no,mether,flim,no,true,1166,false
2UXIMK,desktop,2026-09-03T20:33:15.984Z,15,false,associated,yes,thunder,lightning,yes,true,545,false
2UXIMK,desktop,2026-09-03T20:33:15.984Z,16,false,associated,yes,bride,groom,yes,true,526,false
2UXIMK,desktop,2026-09-03T20:33:15.984Z,17,false,unassociated,yes,pen,father,yes,true,635,false
2UXIMK,desktop,2026-09-03T20:33:15.984Z,18,false,nonword,no,monkey,graib,no,true,673,false
2UXIMK,desktop,2026-09-03T20:33:15.984Z,19,false,nonword,no,narse,ladder,yes,false,1026,false
2UXIMK,desktop,2026-09-03T20:33:15.984Z,20,false,nonword,no,pelper,candle,yes,false,546,false
2UXIMK,desktop,2026-09-03T20:33:15.984Z,21,false,nonword,no,naight,carpet,no,true,742,false
32RPAW,touch,2026-09-03T20:34:20.092Z,1,true,unassociated,yes,apple,door,yes,true,728,false
32RPAW,touch,2026-09-03T20:34:20.092Z,2,true,unassociated,yes,shirt,river,yes,true,1315,false
32RPAW,touch,2026-09-03T20:34:20.092Z,3,true,associated,yes,coffee,tea,yes,true,1147,false
32RPAW,touch,2026-09-03T20:34:20.092Z,4,true,nonword,no,lamp,gorp,no,true,835,false
32RPAW,touch,2026-09-03T20:34:20.092Z,5,true,associated,yes,north,south,yes,true,983,false
32RPAW,touch,2026-09-03T20:34:20.092Z,6,true,nonword,no,trink,house,yes,false,1681,false
32RPAW,touch,2026-09-03T20:34:20.092Z,7,false,associated,yes,sun,moon,yes,true,745,false
32RPAW,touch,2026-09-03T20:34:20.092Z,8,false,nonword,no,pillow,flim,no,true,1101,false
32RPAW,touch,2026-09-03T20:34:20.092Z,9,false,nonword,no,yellow,hant,no,true,719,false
32RPAW,touch,2026-09-03T20:34:20.092Z,10,false,nonword,no,market,brend,no,true,621,false
32RPAW,touch,2026-09-03T20:34:20.092Z,11,false,nonword,no,monkey,scok,no,true,1014,false
32RPAW,touch,2026-09-03T20:34:20.092Z,12,false,nonword,no,trell,engine,no,true,1231,false
32RPAW,touch,2026-09-03T20:34:20.092Z,13,false,associated,yes,hand,foot,yes,true,1152,false
32RPAW,touch,2026-09-03T20:34:20.092Z,14,false,nonword,no,wab,wallet,no,true,954,false
32RPAW,touch,2026-09-03T20:34:20.092Z,15,false,nonword,no,naight,nammer,no,true,1031,false
32RPAW,touch,2026-09-03T20:34:20.092Z,16,false,nonword,no,groop,crade,no,true,895,false
32RPAW,touch,2026-09-03T20:34:20.092Z,17,false,associated,yes,spider,web,yes,true,1085,false
32RPAW,touch,2026-09-03T20:34:20.092Z,18,false,unassociated,yes,pen,key,yes,true,771,false
32RPAW,touch,2026-09-03T20:34:20.092Z,19,false,unassociated,yes,bride,wife,yes,true,713,false
32RPAW,touch,2026-09-03T20:34:20.092Z,20,false,unassociated,yes,table,father,yes,true,841,false
32RPAW,touch,2026-09-03T20:34:20.092Z,21,false,associated,yes,black,white,yes,true,861,false
32RPAW,touch,2026-09-03T20:34:20.092Z,22,false,unassociated,yes,knife,cold,yes,true,638,false
32RPAW,touch,2026-09-03T20:34:20.092Z,23,false,associated,yes,shoe,sock,yes,true,911,false
32RPAW,touch,2026-09-03T20:34:20.092Z,24,false,unassociated,yes,mother,chair,yes,true,1042,false
32RPAW,touch,2026-09-03T20:34:20.092Z,25,false,nonword,no,basket,threed,no,true,918,false
32RPAW,touch,2026-09-03T20:34:20.092Z,26,false,nonword,no,pelper,planet,no,true,814,false
32RPAW,touch,2026-09-03T20:34:20.092Z,27,false,associated,yes,thunder,lightning,yes,true,634,false
32RPAW,touch,2026-09-03T20:34:20.092Z,28,false,associated,yes,cat,dog,yes,true,607,false
32RPAW,touch,2026-09-03T20:34:20.092Z,29,false,unassociated,yes,salt,night,yes,true,724,false
32RPAW,touch,2026-09-03T20:34:20.092Z,30,false,associated,yes,hammer,nail,yes,true,639,false
32RPAW,touch,2026-09-03T20:34:20.092Z,31,false,nonword,no,fonk,cald,no,true,969,false
32RPAW,touch,2026-09-03T20:34:20.092Z,32,false,nonword,no,ladder,vosk,no,true,1195,false
32RPAW,touch,2026-09-03T20:34:20.092Z,33,false,nonword,no,mether,saucel,no,true,1147,false
32RPAW,touch,2026-09-03T20:34:20.092Z,34,false,unassociated,yes,cup,pepper,yes,true,1356,false
32RPAW,touch,2026-09-03T20:34:20.092Z,35,false,nonword,no,plome,darp,yes,false,1136,false
32RPAW,touch,2026-09-03T20:34:20.092Z,36,false,associated,yes,bread,butter,yes,true,673,false
32RPAW,touch,2026-09-03T20:34:20.092Z,37,false,unassociated,yes,lock,nurse,yes,true,881,false
32RPAW,touch,2026-09-03T20:34:20.092Z,38,false,nonword,no,wibe,bottle,no,true,683,false
32RPAW,touch,2026-09-03T20:34:20.092Z,39,false,nonword,no,candle,moin,no,true,817,false
32RPAW,touch,2026-09-03T20:34:20.092Z,40,false,associated,yes,boy,girl,yes,true,783,false
32RPAW,touch,2026-09-03T20:34:20.092Z,41,false,nonword,no,narse,chaif,no,true,1075,false
32RPAW,touch,2026-09-03T20:34:20.092Z,42,false,nonword,no,quing,jacket,no,true,1070,false
32RPAW,touch,2026-09-03T20:34:20.092Z,43,false,unassociated,yes,doctor,saucer,yes,true,788,false
32RPAW,touch,2026-09-03T20:34:20.092Z,44,false,nonword,no,dorg,dinner,no,true,786,false
32RPAW,touch,2026-09-03T20:34:20.092Z,45,false,unassociated,yes,hot,fork,no,false,912,false
32RPAW,touch,2026-09-03T20:34:20.092Z,46,false,unassociated,yes,husband,groom,yes,true,898,false
32RPAW,touch,2026-09-03T20:34:20.092Z,47,false,nonword,no,sturn,borl,no,true,683,false
32RPAW,touch,2026-09-03T20:34:20.092Z,48,false,unassociated,yes,day,paper,yes,true,200,false
32RPAW,touch,2026-09-03T20:34:20.092Z,49,false,associated,yes,king,queen,yes,true,599,false
32RPAW,touch,2026-09-03T20:34:20.092Z,50,false,nonword,no,garden,paner,yes,false,977,false
32RPAW,touch,2026-09-03T20:34:20.092Z,51,false,associated,yes,needle,thread,yes,true,1149,false
32RPAW,touch,2026-09-03T20:34:20.092Z,52,false,nonword,no,graib,rocket,,false,,false
32RPAW,touch,2026-09-03T20:34:20.092Z,53,false,nonword,no,blick,carpet,no,true,858,false
32RPAW,touch,2026-09-03T20:34:20.092Z,54,false,nonword,no,kez,thumber,no,true,786,false
34LZ0A,touch,2026-09-03T20:35:42.133Z,1,true,unassociated,yes,apple,door,yes,true,796,false
34LZ0A,touch,2026-09-03T20:35:42.133Z,2,true,unassociated,yes,shirt,river,yes,true,1011,false
34LZ0A,touch,2026-09-03T20:35:42.133Z,3,true,nonword,no,lamp,gorp,no,true,1209,false
34LZ0A,touch,2026-09-03T20:35:42.133Z,4,true,nonword,no,trink,house,no,true,989,false
34LZ0A,touch,2026-09-03T20:35:42.133Z,5,true,associated,yes,north,south,yes,true,865,false
34LZ0A,touch,2026-09-03T20:35:42.133Z,6,true,associated,yes,coffee,tea,yes,true,843,false
34LZ0A,touch,2026-09-03T20:35:42.133Z,7,false,associated,yes,salt,pepper,yes,true,620,false
34LZ0A,touch,2026-09-03T20:35:42.133Z,8,false,nonword,no,fonk,chaif,no,true,803,false
34LZ0A,touch,2026-09-03T20:35:42.133Z,9,false,unassociated,yes,husband,fork,,false,,false
34LZ0A,touch,2026-09-03T20:35:42.133Z,10,false,associated,yes,doctor,nurse,yes,true,782,false
34LZ0A,touch,2026-09-03T20:35:42.133Z,11,false,associated,yes,hammer,nail,yes,true,737,false
34LZ0A,touch,2026-09-03T20:35:42.133Z,12,false,nonword,no,forest,mether,yes,false,951,false
34LZ0A,touch,2026-09-03T20:35:42.133Z,13,false,nonword,no,crade,candle,no,true,816,false
34LZ0A,touch,2026-09-03T20:35:42.133Z,14,false,unassociated,yes,king,butter,yes,true,971,false
34LZ0A,touch,2026-09-03T20:35:42.133Z,15,false,nonword,no,plome,pencil,no,true,1002,false
34LZ0A,touch,2026-09-03T20:35:42.133Z,16,false,unassociated,yes,bride,cold,yes,true,961,false
34LZ0A,touch,2026-09-03T20:35:42.133Z,17,false,unassociated,yes,bread,dog,yes,true,821,false
34LZ0A,touch,2026-09-03T20:35:42.133Z,18,false,nonword,no,scok,hant,no,true,1378,false
34LZ0A,touch,2026-09-03T20:35:42.133Z,19,false,nonword,no,threed,flim,no,true,839,false
34LZ0A,touch,2026-09-03T20:35:42.133Z,20,false,unassociated,yes,cat,sock,yes,true,762,false
34LZ0A,touch,2026-09-03T20:35:42.133Z,21,false,nonword,no,jacket,brend,no,true,970,false
34LZ0A,touch,2026-09-03T20:35:42.133Z,22,false,associated,yes,table,chair,yes,true,741,false
34LZ0A,touch,2026-09-03T20:35:42.133Z,23,false,unassociated,yes,thunder,wife,yes,true,669,false
34LZ0A,touch,2026-09-03T20:35:42.133Z,24,false,nonword,no,dinner,thumber,no,true,1091,false
34LZ0A,touch,2026-09-03T20:35:42.133Z,25,false,nonword,no,window,moin,no,true,1404,false
34LZ0A,touch,2026-09-03T20:35:42.133Z,26,false,associated,yes,boy,girl,yes,true,914,false
34LZ0A,touch,2026-09-03T20:35:42.133Z,27,false,unassociated,yes,black,lightning,no,false,193,false
34LZ0A,touch,2026-09-03T20:35:42.133Z,28,false,unassociated,yes,hot,father,yes,true,996,false
34LZ0A,touch,2026-09-03T20:35:42.133Z,29,false,associated,yes,spider,web,yes,true,796,false
34LZ0A,touch,2026-09-03T20:35:42.133Z,30,false,nonword,no,sturn,graib,yes,false,777,false
34LZ0A,touch,2026-09-03T20:35:42.133Z,31,false,nonword,no,kez,trell,no,true,912,false
34LZ0A,touch,2026-09-03T20:35:42.133Z,32,false,associated,yes,cup,saucer,yes,true,756,false
34LZ0A,touch,2026-09-03T20:35:42.133Z,33,false,associated,yes,hand,foot,yes,true,741,false
34LZ0A,touch,2026-09-03T20:35:42.133Z,34,false,unassociated,yes,shoe,groom,yes,true,1427,false
34LZ0A,touch,2026-09-03T20:35:42.133Z,35,false,nonword,no,darp,paner,no,true,775,false
34LZ0A,touch,2026-09-03T20:35:42.133Z,36,false,nonword,no,nammer,cald,no,true,892,false
34LZ0A,touch,2026-09-03T20:35:42.133Z,37,false,associated,yes,day,night,no,false,127,false
34LZ0A,touch,2026-09-03T20:35:42.133Z,38,false,nonword,no,borl,garden,yes,false,893,false
34LZ0A,touch,2026-09-03T20:35:42.133Z,39,false,nonword,no,ladder,wibe,no,true,1304,false
34LZ0A,touch,2026-09-03T20:35:42.133Z,40,false,nonword,no,pelper,monkey,no,true,937,false
34LZ0A,touch,2026-09-03T20:35:42.133Z,41,false,nonword,no,blick,vosk,yes,false,1340,false
34LZ0A,touch,2026-09-03T20:35:42.133Z,42,false,associated,yes,needle,thread,yes,true,728,false
34LZ0A,touch,2026-09-03T20:35:42.133Z,43,false,nonword,no,dorg,carpet,no,true,825,false
34LZ0A,touch,2026-09-03T20:35:42.133Z,44,false,nonword,no,quing,basket,no,true,954,false
34LZ0A,touch,2026-09-03T20:35:42.133Z,45,false,unassociated,yes,knife,queen,yes,true,753,false
34LZ0A,touch,2026-09-03T20:35:42.133Z,46,false,associated,yes,sun,moon,yes,true,862,false
34LZ0A,touch,2026-09-03T20:35:42.133Z,47,false,unassociated,yes,mother,key,yes,true,840,false
34LZ0A,touch,2026-09-03T20:35:42.133Z,48,false,nonword,no,planet,wab,no,true,962,false
34LZ0A,touch,2026-09-03T20:35:42.133Z,49,false,nonword,no,tunnel,saucel,no,true,840,false
34LZ0A,touch,2026-09-03T20:35:42.133Z,50,false,nonword,no,silver,naight,no,true,874,false
34LZ0A,touch,2026-09-03T20:35:42.133Z,51,false,associated,yes,pen,paper,yes,true,794,false
34LZ0A,touch,2026-09-03T20:35:42.133Z,52,false,nonword,no,groop,market,no,true,1135,false
34LZ0A,touch,2026-09-03T20:35:42.133Z,53,false,unassociated,yes,lock,white,yes,true,823,false
34LZ0A,touch,2026-09-03T20:35:42.133Z,54,false,nonword,no,narse,rocket,no,true,623,false
4YC9MG,desktop,2026-09-03T20:37:09.016Z,1,true,associated,yes,coffee,tea,yes,true,609,false
4YC9MG,desktop,2026-09-03T20:37:09.016Z,2,true,associated,yes,north,south,yes,true,835,false
4YC9MG,desktop,2026-09-03T20:37:09.016Z,3,true,unassociated,yes,apple,door,yes,true,884,false
4YC9MG,desktop,2026-09-03T20:37:09.016Z,4,true,nonword,no,trink,house,no,true,904,false
4YC9MG,desktop,2026-09-03T20:37:09.016Z,5,true,unassociated,yes,shirt,river,yes,true,1300,false
4YC9MG,desktop,2026-09-03T20:37:09.016Z,6,true,nonword,no,lamp,gorp,no,true,1000,false
4YC9MG,desktop,2026-09-03T20:37:09.016Z,7,false,unassociated,yes,pen,white,no,false,777,false
4YC9MG,desktop,2026-09-03T20:37:09.016Z,8,false,nonword,no,pencil,darp,no,true,840,false
4YC9MG,desktop,2026-09-03T20:37:09.016Z,9,false,nonword,no,velvet,borl,no,true,906,false
4YC9MG,desktop,2026-09-03T20:37:09.016Z,10,false,unassociated,yes,bread,nail,yes,true,645,false
4YC9MG,desktop,2026-09-03T20:37:09.016Z,11,false,nonword,no,bottle,pelper,no,true,722,false
4YC9MG,desktop,2026-09-03T20:37:09.016Z,12,false,associated,yes,table,chair,yes,true,473,false
4YC9MG,desktop,2026-09-03T20:37:09.016Z,13,false,nonword,no,wibe,carpet,no,true,679,false
4YC9MG,desktop,2026-09-03T20:37:09.016Z,14,false,associated,yes,husband,wife,yes,true,458,false
4YC9MG,desktop,2026-09-03T20:37:09.016Z,15,false,unassociated,yes,sun,thread,yes,true,832,false
4YC9MG,desktop,2026-09-03T20:37:09.016Z,16,false,unassociated,yes,cat,queen,yes,true,588,false
4YC9MG,desktop,2026-09-03T20:37:09.016Z,17,false,unassociated,yes,boy,groom,yes,true,934,false
4YC9MG,desktop,2026-09-03T20:37:09.016Z,18,false,associated,yes,shoe,sock,yes,true,746,false
4YC9MG,desktop,2026-09-03T20:37:09.016Z,19,false,nonword,no,thumber,planet,no,true,747,false
4YC9MG,desktop,2026-09-03T20:37:09.016Z,20,false,nonword,no,fonk,cald,no,true,1160,false
4YC9MG,desktop,2026-09-03T20:37:09.016Z,21,false,nonword,no,crade,window,yes,false,804,false
4YC9MG,desktop,2026-09-03T20:37:09.016Z,22,false,associated,yes,doctor,nurse,yes,true,544,false
4YC9MG,desktop,2026-09-03T20:37:09.016Z,23,false,nonword,no,paner,scok,no,true,1100,false
4YC9MG,desktop,2026-09-03T20:37:09.016Z,24,false,nonword,no,hant,tunnel,no,true,3000,false
4YC9MG,desktop,2026-09-03T20:37:09.016Z,25,false,associated,yes,hot,cold,yes,true,622,false
4YC9MG,desktop,2026-09-03T20:37:09.016Z,26,false,associated,yes,knife,fork,yes,true,713,false
4YC9MG,desktop,2026-09-03T20:37:09.016Z,27,false,nonword,no,blick,wab,no,true,986,false
4YC9MG,desktop,2026-09-03T20:37:09.016Z,28,false,nonword,no,quing,flim,no,true,732,false
4YC9MG,desktop,2026-09-03T20:37:09.016Z,29,false,associated,yes,day,night,yes,true,636,false
4YC9MG,desktop,2026-09-03T20:37:09.016Z,30,false,associated,yes,lock,key,yes,true,547,false
4YC9MG,desktop,2026-09-03T20:37:09.016Z,31,false,nonword,no,graib,garden,no,true,841,false
4YC9MG,desktop,2026-09-03T20:37:09.016Z,32,false,nonword,no,ladder,sturn,no,true,873,false
4YC9MG,desktop,2026-09-03T20:37:09.016Z,33,false,nonword,no,monkey,brend,no,true,657,false
4YC9MG,desktop,2026-09-03T20:37:09.016Z,34,false,nonword,no,threed,market,no,true,778,false
4YC9MG,desktop,2026-09-03T20:37:09.016Z,35,false,unassociated,yes,mother,butter,yes,true,872,false
4YC9MG,desktop,2026-09-03T20:37:09.016Z,36,false,associated,yes,salt,pepper,yes,true,699,false
4YC9MG,desktop,2026-09-03T20:37:09.016Z,37,false,nonword,no,trell,engine,no,true,657,false
4YC9MG,desktop,2026-09-03T20:37:09.016Z,38,false,unassociated,yes,bride,girl,yes,true,584,false
4YC9MG,desktop,2026-09-03T20:37:09.016Z,39,false,associated,yes,thunder,lightning,yes,true,1082,false
4YC9MG,desktop,2026-09-03T20:37:09.016Z,40,false,nonword,no,dinner,moin,no,true,940,false
4YC9MG,desktop,2026-09-03T20:37:09.016Z,41,false,nonword,no,naight,yellow,no,true,795,false
4YC9MG,desktop,2026-09-03T20:37:09.016Z,42,false,nonword,no,forest,groop,no,true,823,false
4YC9MG,desktop,2026-09-03T20:37:09.016Z,43,false,nonword,no,saucel,mether,no,true,945,false
4YC9MG,desktop,2026-09-03T20:37:09.016Z,44,false,unassociated,yes,hammer,saucer,no,false,734,false
4YC9MG,desktop,2026-09-03T20:37:09.016Z,45,false,nonword,no,wallet,dorg,no,true,900,false
4YC9MG,desktop,2026-09-03T20:37:09.016Z,46,false,nonword,no,narse,nammer,no,true,1081,false
4YC9MG,desktop,2026-09-03T20:37:09.016Z,47,false,associated,yes,spider,web,yes,true,879,false
4YC9MG,desktop,2026-09-03T20:37:09.016Z,48,false,unassociated,yes,cup,paper,yes,true,940,false
4YC9MG,desktop,2026-09-03T20:37:09.016Z,49,false,unassociated,yes,needle,moon,yes,true,686,false
4YC9MG,desktop,2026-09-03T20:37:09.016Z,50,false,nonword,no,plome,vosk,no,true,813,false
4YC9MG,desktop,2026-09-03T20:37:09.016Z,51,false,nonword,no,kez,chaif,no,true,786,false
4YC9MG,desktop,2026-09-03T20:37:09.016Z,52,false,unassociated,yes,black,dog,yes,true,731,false
4YC9MG,desktop,2026-09-03T20:37:09.016Z,53,false,associated,yes,hand,foot,yes,true,1071,false
4YC9MG,desktop,2026-09-03T20:37:09.016Z,54,false,unassociated,yes,king,father,yes,true,1040,false
5MU249,touch,2026-09-03T20:38:49.366Z,1,true,nonword,no,trink,house,yes,false,1150,false
5MU249,touch,2026-09-03T20:38:49.366Z,2,true,unassociated,yes,apple,door,yes,true,978,false
5MU249,touch,2026-09-03T20:38:49.366Z,3,true,associated,yes,north,south,yes,true,889,false
5MU249,touch,2026-09-03T20:38:49.366Z,4,true,unassociated,yes,shirt,river,yes,true,1053,false
5MU249,touch,2026-09-03T20:38:49.366Z,5,true,nonword,no,lamp,gorp,yes,false,1265,false
5MU249,touch,2026-09-03T20:38:49.366Z,6,true,associated,yes,coffee,tea,yes,true,886,false
5MU249,touch,2026-09-03T20:38:49.366Z,7,false,nonword,no,borl,naight,no,true,1040,false
5MU249,touch,2026-09-03T20:38:49.366Z,8,false,associated,yes,cat,dog,,false,,false
5MU249,touch,2026-09-03T20:38:49.366Z,9,false,nonword,no,plome,quing,no,true,1027,false
5MU249,touch,2026-09-03T20:38:49.366Z,10,false,nonword,no,graib,market,no,true,1292,false
5MU249,touch,2026-09-03T20:38:49.366Z,11,false,nonword,no,threed,crade,no,true,1060,false
5MU249,touch,2026-09-03T20:38:49.366Z,12,false,associated,yes,day,night,yes,true,812,false
5MU249,touch,2026-09-03T20:38:49.366Z,13,false,associated,yes,spider,web,yes,true,863,false
5MU249,touch,2026-09-03T20:38:49.366Z,14,false,unassociated,yes,hot,wife,yes,true,673,false
5MU249,touch,2026-09-03T20:38:49.366Z,15,false,associated,yes,pen,paper,yes,true,1124,false
5MU249,touch,2026-09-03T20:38:49.366Z,16,false,associated,yes,king,queen,yes,true,912,false
5MU249,touch,2026-09-03T20:38:49.366Z,17,false,nonword,no,dorg,forest,no,true,827,false
5MU249,touch,2026-09-03T20:38:49.366Z,18,false,nonword,no,mether,music,no,true,1013,false
5MU249,touch,2026-09-03T20:38:49.366Z,19,false,unassociated,yes,hand,nurse,yes,true,678,false
5MU249,touch,2026-09-03T20:38:49.366Z,20,false,unassociated,yes,bread,lightning,yes,true,1048,false
5MU249,touch,2026-09-03T20:38:49.366Z,21,false,nonword,no,candle,saucel,no,true,170,false
5MU249,touch,2026-09-03T20:38:49.366Z,22,false,associated,yes,table,chair,yes,true,1010,false
5MU249,touch,2026-09-03T20:38:49.366Z,23,false,nonword,no,planet,moin,no,true,815,false
5MU249,touch,2026-09-03T20:38:49.366Z,24,false,nonword,no,silver,trell,no,true,1173,false
5MU249,touch,2026-09-03T20:38:49.366Z,25,false,associated,yes,salt,pepper,yes,true,827,false
5MU249,touch,2026-09-03T20:38:49.366Z,26,false,unassociated,yes,cup,butter,yes,true,1242,false
5MU249,touch,2026-09-03T20:38:49.366Z,27,false,nonword,no,dinner,scok,no,true,899,false
5MU249,touch,2026-09-03T20:38:49.366Z,28,false,nonword,no,window,wibe,no,true,781,false
5MU249,touch,2026-09-03T20:38:49.366Z,29,false,unassociated,yes,black,father,yes,true,897,false
5MU249,touch,2026-09-03T20:38:49.366Z,30,false,unassociated,yes,thunder,cold,yes,true,725,false
5MU249,touch,2026-09-03T20:38:49.366Z,31,false,nonword,no,narse,groop,no,true,788,false
5MU249,touch,2026-09-03T20:38:49.366Z,32,false,associated,yes,sun,moon,no,false,769,false
5MU249,touch,2026-09-03T20:38:49.366Z,33,false,nonword,no,kez,cald,no,true,1006,false
5MU249,touch,2026-09-03T20:38:49.366Z,34,false,nonword,no,darp,rocket,no,true,756,false
5MU249,touch,2026-09-03T20:38:49.366Z,35,false,nonword,no,pelper,monkey,no,true,967,false
5MU249,touch,2026-09-03T20:38:49.366Z,36,false,nonword,no,paner,pillow,yes,false,1140,false
5MU249,touch,2026-09-03T20:38:49.366Z,37,false,associated,yes,knife,fork,yes,true,657,false
5MU249,touch,2026-09-03T20:38:49.366Z,38,false,unassociated,yes,shoe,saucer,yes,true,702,false
5MU249,touch,2026-09-03T20:38:49.366Z,39,false,associated,yes,bride,groom,yes,true,997,false
5MU249,touch,2026-09-03T20:38:49.366Z,40,false,unassociated,yes,mother,white,no,false,945,false
5MU249,touch,2026-09-03T20:38:49.366Z,41,false,nonword,no,nammer,wallet,no,true,980,false
5MU249,touch,2026-09-03T20:38:49.366Z,42,false,unassociated,yes,needle,sock,yes,true,1531,false
5MU249,touch,2026-09-03T20:38:49.366Z,43,false,nonword,no,vosk,hant,no,true,886,false
5MU249,touch,2026-09-03T20:38:49.366Z,44,false,nonword,no,letter,flim,no,true,1056,false
5MU249,touch,2026-09-03T20:38:49.366Z,45,false,associated,yes,lock,key,yes,true,1128,false
5MU249,touch,2026-09-03T20:38:49.366Z,46,false,nonword,no,basket,fonk,no,true,1154,false
5MU249,touch,2026-09-03T20:38:49.366Z,47,false,nonword,no,blick,sturn,no,true,928,false
5MU249,touch,2026-09-03T20:38:49.366Z,48,false,nonword,no,yellow,thumber,no,true,1071,false
5MU249,touch,2026-09-03T20:38:49.366Z,49,false,unassociated,yes,doctor,foot,yes,true,651,false
5MU249,touch,2026-09-03T20:38:49.366Z,50,false,unassociated,yes,husband,nail,yes,true,936,false
5MU249,touch,2026-09-03T20:38:49.366Z,51,false,associated,yes,boy,girl,yes,true,680,false
5MU249,touch,2026-09-03T20:38:49.366Z,52,false,unassociated,yes,hammer,thread,yes,true,905,false
5MU249,touch,2026-09-03T20:38:49.366Z,53,false,nonword,no,chaif,pencil,no,true,3778,false
5MU249,touch,2026-09-03T20:38:49.366Z,54,false,nonword,no,brend,wab,no,true,971,false
64WSBX,desktop,2026-09-03T20:39:03.324Z,1,true,associated,yes,coffee,tea,yes,true,1006,false
64WSBX,desktop,2026-09-03T20:39:03.324Z,2,true,nonword,no,trink,house,yes,false,750,false
64WSBX,desktop,2026-09-03T20:39:03.324Z,3,true,associated,yes,north,south,yes,true,1136,false
64WSBX,desktop,2026-09-03T20:39:03.324Z,4,true,unassociated,yes,shirt,river,yes,true,1049,false
64WSBX,desktop,2026-09-03T20:39:03.324Z,5,true,nonword,no,lamp,gorp,no,true,1228,false
64WSBX,desktop,2026-09-03T20:39:03.324Z,6,true,unassociated,yes,apple,door,yes,true,995,false
64WSBX,desktop,2026-09-03T20:39:03.324Z,7,false,unassociated,yes,bread,key,yes,true,856,false
64WSBX,desktop,2026-09-03T20:39:03.324Z,8,false,nonword,no,borl,flim,yes,false,1164,false
64WSBX,desktop,2026-09-03T20:39:03.324Z,9,false,nonword,no,thumber,narse,no,true,783,false
64WSBX,desktop,2026-09-03T20:39:03.324Z,10,false,nonword,no,paner,scok,no,true,4398,false
64WSBX,desktop,2026-09-03T20:39:03.324Z,11,false,nonword,no,darp,brend,no,true,1017,false
64WSBX,desktop,2026-09-03T20:39:03.324Z,12,false,nonword,no,carpet,chaif,no,true,869,false
64WSBX,desktop,2026-09-03T20:39:03.324Z,13,false,associated,yes,hand,foot,yes,true,1013,false
64WSBX,desktop,2026-09-03T20:39:03.324Z,14,false,associated,yes,bride,groom,yes,true,737,false
64WSBX,desktop,2026-09-03T20:39:03.324Z,15,false,unassociated,yes,salt,white,yes,true,909,false
64WSBX,desktop,2026-09-03T20:39:03.324Z,16,false,associated,yes,knife,fork,yes,true,663,false
64WSBX,desktop,2026-09-03T20:39:03.324Z,17,false,nonword,no,tunnel,dorg,no,true,918,false
64WSBX,desktop,2026-09-03T20:39:03.324Z,18,false,associated,yes,day,night,yes,true,817,false
64WSBX,desktop,2026-09-03T20:39:03.324Z,19,false,nonword,no,nammer,crade,no,true,1025,false
64WSBX,desktop,2026-09-03T20:39:03.324Z,20,false,nonword,no,wibe,garden,no,true,872,false
64WSBX,desktop,2026-09-03T20:39:03.324Z,21,false,unassociated,yes,sun,saucer,yes,true,914,false
64WSBX,desktop,2026-09-03T20:39:03.324Z,22,false,associated,yes,thunder,lightning,yes,true,827,false
64WSBX,desktop,2026-09-03T20:39:03.324Z,23,false,associated,yes,husband,wife,yes,true,929,false
64WSBX,desktop,2026-09-03T20:39:03.324Z,24,false,nonword,no,forest,moin,no,true,959,false
64WSBX,desktop,2026-09-03T20:39:03.324Z,25,false,associated,yes,hot,cold,yes,true,743,false
64WSBX,desktop,2026-09-03T20:39:03.324Z,26,false,nonword,no,saucel,wallet,no,true,898,false
64WSBX,desktop,2026-09-03T20:39:03.324Z,27,false,nonword,no,velvet,groop,no,true,1283,false
64WSBX,desktop,2026-09-03T20:39:03.324Z,28,false,nonword,no,pelper,kez,no,true,1167,false
64WSBX,desktop,2026-09-03T20:39:03.324Z,29,false,associated,yes,spider,web,yes,true,800,false
64WSBX,desktop,2026-09-03T20:39:03.324Z,30,false,nonword,no,graib,plome,yes,false,843,false
64WSBX,desktop,2026-09-03T20:39:03.324Z,31,false,unassociated,yes,pen,girl,yes,true,1076,false
64WSBX,desktop,2026-09-03T20:39:03.324Z,32,false,nonword,no,naight,ladder,no,true,1342,false
64WSBX,desktop,2026-09-03T20:39:03.324Z,33,false,nonword,no,planet,blick,no,true,784,false
64WSBX,desktop,2026-09-03T20:39:03.324Z,34,false,associated,yes,hammer,nail,yes,true,976,false
64WSBX,desktop,2026-09-03T20:39:03.324Z,35,false,nonword,no,quing,window,no,true,767,false
64WSBX,desktop,2026-09-03T20:39:03.324Z,36,false,unassociated,yes,boy,father,yes,true,978,false
64WSBX,desktop,2026-09-03T20:39:03.324Z,37,false,unassociated,yes,king,dog,yes,true,831,false
64WSBX,desktop,2026-09-03T20:39:03.324Z,38,false,nonword,no,trell,pillow,no,true,1202,false
64WSBX,desktop,2026-09-03T20:39:03.324Z,39,false,unassociated,yes,black,butter,yes,true,1138,false
64WSBX,desktop,2026-09-03T20:39:03.324Z,40,false,nonword,no,basket,wab,no,true,887,false
64WSBX,desktop,2026-09-03T20:39:03.324Z,41,false,unassociated,yes,doctor,moon,yes,true,1206,false
64WSBX,desktop,2026-09-03T20:39:03.324Z,42,false,unassociated,yes,cup,paper,yes,true,727,false
64WSBX,desktop,2026-09-03T20:39:03.324Z,43,false,nonword,no,sturn,monkey,no,true,1043,false
64WSBX,desktop,2026-09-03T20:39:03.324Z,44,false,nonword,no,fonk,candle,no,true,944,false
64WSBX,desktop,2026-09-03T20:39:03.324Z,45,false,unassociated,yes,mother,pepper,yes,true,873,false
64WSBX,desktop,2026-09-03T20:39:03.324Z,46,false,nonword,no,hant,letter,no,true,1049,false
64WSBX,desktop,2026-09-03T20:39:03.324Z,47,false,associated,yes,table,chair,yes,true,899,false
64WSBX,desktop,2026-09-03T20:39:03.324Z,48,false,nonword,no,threed,mether,no,true,987,false
64WSBX,desktop,2026-09-03T20:39:03.324Z,49,false,associated,yes,shoe,sock,yes,true,855,false
64WSBX,desktop,2026-09-03T20:39:03.324Z,50,false,associated,yes,needle,thread,yes,true,978,false
64WSBX,desktop,2026-09-03T20:39:03.324Z,51,false,nonword,no,jacket,cald,no,true,1047,false
64WSBX,desktop,2026-09-03T20:39:03.324Z,52,false,unassociated,yes,cat,queen,yes,true,839,false
64WSBX,desktop,2026-09-03T20:39:03.324Z,53,false,nonword,no,engine,vosk,no,true,982,false
64WSBX,desktop,2026-09-03T20:39:03.324Z,54,false,unassociated,yes,lock,nurse,yes,true,1124,false
65L3X0,touch,2026-09-03T20:40:03.460Z,1,true,nonword,no,lamp,gorp,no,true,1096,false
65L3X0,touch,2026-09-03T20:40:03.460Z,2,true,nonword,no,trink,house,yes,false,979,false
65L3X0,touch,2026-09-03T20:40:03.460Z,3,true,associated,yes,north,south,yes,true,738,false
65L3X0,touch,2026-09-03T20:40:03.460Z,4,true,associated,yes,coffee,tea,yes,true,680,false
65L3X0,touch,2026-09-03T20:40:03.460Z,5,true,unassociated,yes,shirt,river,yes,true,1179,false
65L3X0,touch,2026-09-03T20:40:03.460Z,6,true,unassociated,yes,apple,door,yes,true,93,false
65L3X0,touch,2026-09-03T20:40:03.460Z,7,false,associated,yes,needle,thread,yes,true,759,false
65L3X0,touch,2026-09-03T20:40:03.460Z,8,false,unassociated,yes,sun,key,yes,true,878,false
65L3X0,touch,2026-09-03T20:40:03.460Z,9,false,nonword,no,rocket,threed,no,true,904,false
65L3X0,touch,2026-09-03T20:40:03.460Z,10,false,unassociated,yes,pen,queen,yes,true,823,false
65L3X0,touch,2026-09-03T20:40:03.460Z,11,false,associated,yes,table,chair,yes,true,534,false
65L3X0,touch,2026-09-03T20:40:03.460Z,12,false,unassociated,yes,day,sock,yes,true,849,false
65L3X0,touch,2026-09-03T20:40:03.460Z,13,false,nonword,no,borl,narse,no,true,825,false
65L3X0,touch,2026-09-03T20:40:03.460Z,14,false,nonword,no,nammer,window,no,true,940,false
65L3X0,touch,2026-09-03T20:40:03.460Z,15,false,nonword,no,quing,thumber,no,true,1056,false
65L3X0,touch,2026-09-03T20:40:03.460Z,16,false,nonword,no,wibe,crade,no,true,833,false
65L3X0,touch,2026-09-03T20:40:03.460Z,17,false,nonword,no,groop,ladder,yes,false,852,false
65L3X0,touch,2026-09-03T20:40:03.460Z,18,false,nonword,no,cald,brend,yes,false,979,false
65L3X0,touch,2026-09-03T20:40:03.460Z,19,false,nonword,no,wallet,pelper,no,true,973,false
65L3X0,touch,2026-09-03T20:40:03.460Z,20,false,nonword,no,flim,monkey,no,true,1255,false
65L3X0,touch,2026-09-03T20:40:03.460Z,21,false,nonword,no,paner,garden,no,true,792,false
65L3X0,touch,2026-09-03T20:40:03.460Z,22,false,nonword,no,planet,sturn,no,true,1117,false
65L3X0,touch,2026-09-03T20:40:03.460Z,23,false,nonword,no,dinner,moin,no,true,884,false
65L3X0,touch,2026-09-03T20:40:03.460Z,24,false,associated,yes,cat,dog,yes,true,659,false
65L3X0,touch,2026-09-03T20:40:03.460Z,25,false,nonword,no,carpet,wab,no,true,688,false
65L3X0,touch,2026-09-03T20:40:03.460Z,26,false,unassociated,yes,shoe,nurse,yes,true,1226,false
65L3X0,touch,2026-09-03T20:40:03.460Z,27,false,nonword,no,fonk,vosk,no,true,821,false
65L3X0,touch,2026-09-03T20:40:03.460Z,28,false,nonword,no,dorg,naight,no,true,916,false
65L3X0,touch,2026-09-03T20:40:03.460Z,29,false,associated,yes,husband,wife,yes,true,720,false
65L3X0,touch,2026-09-03T20:40:03.460Z,30,false,nonword,no,graib,jacket,no,true,143,false
65L3X0,touch,2026-09-03T20:40:03.460Z,31,false,unassociated,yes,bread,night,yes,true,1071,false
65L3X0,touch,2026-09-03T20:40:03.460Z,32,false,associated,yes,spider,web,yes,true,815,false
65L3X0,touch,2026-09-03T20:40:03.460Z,33,false,associated,yes,thunder,lightning,yes,true,827,false
65L3X0,touch,2026-09-03T20:40:03.460Z,34,false,nonword,no,plome,darp,no,true,560,false
65L3X0,touch,2026-09-03T20:40:03.460Z,35,false,unassociated,yes,lock,moon,yes,true,1281,false
65L3X0,touch,2026-09-03T20:40:03.460Z,36,false,unassociated,yes,king,saucer,yes,true,985,false
65L3X0,touch,2026-09-03T20:40:03.460Z,37,false,unassociated,yes,black,father,yes,true,822,false
65L3X0,touch,2026-09-03T20:40:03.460Z,38,false,unassociated,yes,cup,nail,yes,true,716,false
65L3X0,touch,2026-09-03T20:40:03.460Z,39,false,nonword,no,saucel,blick,no,true,1294,false
65L3X0,touch,2026-09-03T20:40:03.460Z,40,false,associated,yes,hot,cold,yes,true,686,false
65L3X0,touch,2026-09-03T20:40:03.460Z,41,false,unassociated,yes,doctor,paper,yes,true,648,false
65L3X0,touch,2026-09-03T20:40:03.460Z,42,false,nonword,no,market,trell,no,true,675,false
65L3X0,touch,2026-09-03T20:40:03.460Z,43,false,associated,yes,hand,foot,yes,true,781,false
65L3X0,touch,2026-09-03T20:40:03.460Z,44,false,nonword,no,mether,candle,no,true,895,false
65L3X0,touch,2026-09-03T20:40:03.460Z,45,false,nonword,no,scok,pencil,no,true,1092,false
65L3X0,touch,2026-09-03T20:40:03.460Z,46,false,nonword,no,pillow,chaif,no,true,879,false
65L3X0,touch,2026-09-03T20:40:03.460Z,47,false,unassociated,yes,mother,butter,yes,true,790,false
65L3X0,touch,2026-09-03T20:40:03.460Z,48,false,nonword,no,hant,letter,no,true,1431,false
65L3X0,touch,2026-09-03T20:40:03.460Z,49,false,associated,yes,knife,fork,no,false,880,false
65L3X0,touch,2026-09-03T20:40:03.460Z,50,false,unassociated,yes,hammer,white,yes,true,837,false
65L3X0,touch,2026-09-03T20:40:03.460Z,51,false,associated,yes,salt,pepper,yes,true,725,false
65L3X0,touch,2026-09-03T20:40:03.460Z,52,false,associated,yes,boy,girl,yes,true,559,false
65L3X0,touch,2026-09-03T20:40:03.460Z,53,false,associated,yes,bride,groom,yes,true,845,false
65L3X0,touch,2026-09-03T20:40:03.460Z,54,false,nonword,no,tunnel,kez,no,true,1303,false
7MB1W9,desktop,2026-09-03T20:43:13.562Z,1,true,unassociated,yes,apple,door,yes,true,841,false
7MB1W9,desktop,2026-09-03T20:43:13.562Z,2,true,associated,yes,north,south,yes,true,794,false
7MB1W9,desktop,2026-09-03T20:43:13.562Z,3,true,unassociated,yes,shirt,river,yes,true,864,false
7MB1W9,desktop,2026-09-03T20:43:13.562Z,4,true,nonword,no,trink,house,no,true,1319,false
7MB1W9,desktop,2026-09-03T20:43:13.562Z,5,true,associated,yes,coffee,tea,yes,true,709,false
7MB1W9,desktop,2026-09-03T20:43:13.562Z,6,true,nonword,no,lamp,gorp,no,true,1079,false
7MB1W9,desktop,2026-09-03T20:43:13.562Z,7,false,associated,yes,thunder,lightning,yes,true,772,false
7MB1W9,desktop,2026-09-03T20:43:13.562Z,8,false,nonword,no,nammer,paner,no,true,801,false
7MB1W9,desktop,2026-09-03T20:43:13.562Z,9,false,nonword,no,crade,music,no,true,815,false
7MB1W9,desktop,2026-09-03T20:43:13.562Z,10,false,nonword,no,tunnel,cald,yes,false,720,false
7MB1W9,desktop,2026-09-03T20:43:13.562Z,11,false,nonword,no,wallet,saucel,no,true,954,false
7MB1W9,desktop,2026-09-03T20:43:13.562Z,12,false,nonword,no,letter,vosk,no,true,954,false
7MB1W9,desktop,2026-09-03T20:43:13.562Z,13,false,unassociated,yes,sun,butter,no,false,758,false
7MB1W9,desktop,2026-09-03T20:43:13.562Z,14,false,nonword,no,graib,garden,no,true,617,false
7MB1W9,desktop,2026-09-03T20:43:13.562Z,15,false,unassociated,yes,boy,father,yes,true,673,false
7MB1W9,desktop,2026-09-03T20:43:13.562Z,16,false,nonword,no,pelper,moin,no,true,993,false
7MB1W9,desktop,2026-09-03T20:43:13.562Z,17,false,unassociated,yes,black,groom,yes,true,1199,false
7MB1W9,desktop,2026-09-03T20:43:13.562Z,18,false,nonword,no,wab,engine,no,true,877,false
7MB1W9,desktop,2026-09-03T20:43:13.562Z,19,false,associated,yes,cat,dog,yes,true,811,false
7MB1W9,desktop,2026-09-03T20:43:13.562Z,20,false,nonword,no,carpet,chaif,no,true,987,false
7MB1W9,desktop,2026-09-03T20:43:13.562Z,21,false,unassociated,yes,bride,paper,yes,true,1051,false
7MB1W9,desktop,2026-09-03T20:43:13.562Z,22,false,nonword,no,trell,forest,no,true,1084,false
7MB1W9,desktop,2026-09-03T20:43:13.562Z,23,false,unassociated,yes,bread,key,yes,true,785,true
7MB1W9,desktop,2026-09-03T20:43:13.562Z,24,false,associated,yes,needle,thread,yes,true,801,false
7MB1W9,desktop,2026-09-03T20:43:13.562Z,25,false,nonword,no,wibe,groop,no,true,756,false
7MB1W9,desktop,2026-09-03T20:43:13.562Z,26,false,associated,yes,king,queen,yes,true,1074,false
7MB1W9,desktop,2026-09-03T20:43:13.562Z,27,false,unassociated,yes,pen,pepper,yes,true,985,false
7MB1W9,desktop,2026-09-03T20:43:13.562Z,28,false,nonword,no,borl,monkey,no,true,792,false
7MB1W9,desktop,2026-09-03T20:43:13.562Z,29,false,associated,yes,hammer,nail,yes,true,836,false
7MB1W9,desktop,2026-09-03T20:43:13.562Z,30,false,associated,yes,hot,cold,yes,true,1186,false
7MB1W9,desktop,2026-09-03T20:43:13.562Z,31,false,unassociated,yes,salt,night,yes,true,765,false
7MB1W9,desktop,2026-09-03T20:43:13.562Z,32,false,nonword,no,jacket,mether,yes,false,894,false
7MB1W9,desktop,2026-09-03T20:43:13.562Z,33,false,nonword,no,kez,dorg,no,true,924,false
7MB1W9,desktop,2026-09-03T20:43:13.562Z,34,false,nonword,no,thumber,sturn,no,true,998,false
7MB1W9,desktop,2026-09-03T20:43:13.562Z,35,false,associated,yes,doctor,nurse,yes,true,818,false
7MB1W9,desktop,2026-09-03T20:43:13.562Z,36,false,nonword,no,market,hant,no,true,1078,false
7MB1W9,desktop,2026-09-03T20:43:13.562Z,37,false,associated,yes,knife,fork,yes,true,1005,false
7MB1W9,desktop,2026-09-03T20:43:13.562Z,38,false,associated,yes,cup,saucer,yes,true,655,false
7MB1W9,desktop,2026-09-03T20:43:13.562Z,39,false,nonword,no,velvet,naight,no,true,961,false
7MB1W9,desktop,2026-09-03T20:43:13.562Z,40,false,nonword,no,silver,flim,no,true,841,false
7MB1W9,desktop,2026-09-03T20:43:13.562Z,41,false,unassociated,yes,day,moon,yes,true,819,false
7MB1W9,desktop,2026-09-03T20:43:13.562Z,42,false,nonword,no,brend,bottle,no,true,1042,false
7MB1W9,desktop,2026-09-03T20:43:13.562Z,43,false,nonword,no,quing,ladder,no,true,776,false
7MB1W9,desktop,2026-09-03T20:43:13.562Z,44,false,nonword,no,scok,fonk,no,true,990,false
7MB1W9,desktop,2026-09-03T20:43:13.562Z,45,false,nonword,no,plome,blick,no,true,94,false
7MB1W9,desktop,2026-09-03T20:43:13.562Z,46,false,unassociated,yes,shoe,chair,yes,true,705,false
7MB1W9,desktop,2026-09-03T20:43:13.562Z,47,false,associated,yes,spider,web,yes,true,1058,false
7MB1W9,desktop,2026-09-03T20:43:13.562Z,48,false,nonword,no,narse,darp,no,true,1049,false
7MB1W9,desktop,2026-09-03T20:43:13.562Z,49,false,unassociated,yes,lock,sock,yes,true,527,false
7MB1W9,desktop,2026-09-03T20:43:13.562Z,50,false,nonword,no,threed,yellow,no,true,634,false
7MB1W9,desktop,2026-09-03T20:43:13.562Z,51,false,associated,yes,hand,foot,yes,true,852,false
7MB1W9,desktop,2026-09-03T20:43:13.562Z,52,false,unassociated,yes,mother,girl,yes,true,865,false
7MB1W9,desktop,2026-09-03T20:43:13.562Z,53,false,associated,yes,husband,wife,yes,true,623,false
7MB1W9,desktop,2026-09-03T20:43:13.562Z,54,false,unassociated,yes,table,white,yes,true,767,false
8YG2L9,desktop,2026-09-03T20:49:14.634Z,1,true,unassociated,yes,apple,door,yes,true,920,false
8YG2L9,desktop,2026-09-03T20:49:14.634Z,2,true,nonword,no,lamp,gorp,no,true,966,false
8YG2L9,desktop,2026-09-03T20:49:14.634Z,3,true,associated,yes,coffee,tea,yes,true,929,false
8YG2L9,desktop,2026-09-03T20:49:14.634Z,4,true,nonword,no,trink,house,no,true,1024,false
8YG2L9,desktop,2026-09-03T20:49:14.634Z,5,true,associated,yes,north,south,yes,true,936,false
8YG2L9,desktop,2026-09-03T20:49:14.634Z,6,true,unassociated,yes,shirt,river,yes,true,935,false
8YG2L9,desktop,2026-09-03T20:49:14.634Z,7,false,nonword,no,groop,threed,no,true,915,false
8YG2L9,desktop,2026-09-03T20:49:14.634Z,8,false,associated,yes,husband,wife,yes,true,740,false
8YG2L9,desktop,2026-09-03T20:49:14.634Z,9,false,nonword,no,blick,graib,no,true,816,false
8YG2L9,desktop,2026-09-03T20:49:14.634Z,10,false,unassociated,yes,pen,fork,yes,true,759,false
8YG2L9,desktop,2026-09-03T20:49:14.634Z,11,false,unassociated,yes,boy,key,yes,true,923,false
8YG2L9,desktop,2026-09-03T20:49:14.634Z,12,false,unassociated,yes,table,girl,yes,true,1143,false
8YG2L9,desktop,2026-09-03T20:49:14.634Z,13,false,nonword,no,vosk,wallet,no,true,853,false
8YG2L9,desktop,2026-09-03T20:49:14.634Z,14,false,unassociated,yes,needle,nurse,yes,true,760,false
8YG2L9,desktop,2026-09-03T20:49:14.634Z,15,false,unassociated,yes,lock,chair,yes,true,631,false
8YG2L9,desktop,2026-09-03T20:49:14.634Z,16,false,associated,yes,bride,groom,yes,true,821,false
8YG2L9,desktop,2026-09-03T20:49:14.634Z,17,false,nonword,no,cald,chaif,no,true,866,false
8YG2L9,desktop,2026-09-03T20:49:14.634Z,18,false,nonword,no,saucel,bottle,yes,false,941,false
8YG2L9,desktop,2026-09-03T20:49:14.634Z,19,false,nonword,no,carpet,borl,no,true,889,false
8YG2L9,desktop,2026-09-03T20:49:14.634Z,20,false,associated,yes,day,night,yes,true,554,false
8YG2L9,desktop,2026-09-03T20:49:14.634Z,21,false,nonword,no,thumber,pillow,no,true,718,false
8YG2L9,desktop,2026-09-03T20:49:14.634Z,22,false,associated,yes,salt,pepper,yes,true,527,false
8YG2L9,desktop,2026-09-03T20:49:14.634Z,23,false,nonword,no,plome,letter,no,true,902,false
8YG2L9,desktop,2026-09-03T20:49:14.634Z,24,false,nonword,no,pelper,sturn,no,true,866,false
8YG2L9,desktop,2026-09-03T20:49:14.634Z,25,false,unassociated,yes,thunder,sock,yes,true,770,false
8YG2L9,desktop,2026-09-03T20:49:14.634Z,26,false,associated,yes,hammer,nail,yes,true,740,false
8YG2L9,desktop,2026-09-03T20:49:14.634Z,27,false,associated,yes,cat,dog,yes,true,801,false
8YG2L9,desktop,2026-09-03T20:49:14.634Z,28,false,nonword,no,trell,music,no,true,586,false
8YG2L9,desktop,2026-09-03T20:49:14.634Z,29,false,nonword,no,mether,moin,no,true,968,false
8YG2L9,desktop,2026-09-03T20:49:14.634Z,30,false,nonword,no,kez,narse,no,true,825,false
8YG2L9,desktop,2026-09-03T20:49:14.634Z,31,false,nonword,no,flim,wibe,no,true,968,false
8YG2L9,desktop,2026-09-03T20:49:14.634Z,32,false,associated,yes,cup,saucer,yes,true,690,false
8YG2L9,desktop,2026-09-03T20:49:14.634Z,33,false,nonword,no,naight,forest,no,true,705,false
8YG2L9,desktop,2026-09-03T20:49:14.634Z,34,false,unassociated,yes,shoe,foot,yes,true,1098,false
8YG2L9,desktop,2026-09-03T20:49:14.634Z,35,false,nonword,no,silver,fonk,no,true,992,false
8YG2L9,desktop,2026-09-03T20:49:14.634Z,36,false,nonword,no,paner,rocket,no,true,921,false
8YG2L9,desktop,2026-09-03T20:49:14.634Z,37,false,unassociated,yes,doctor,lightning,yes,true,962,false
8YG2L9,desktop,2026-09-03T20:49:14.634Z,38,false,nonword,no,planet,quing,no,true,5895,false
8YG2L9,desktop,2026-09-03T20:49:14.634Z,39,false,unassociated,yes,bread,cold,yes,true,911,false
8YG2L9,desktop,2026-09-03T20:49:14.634Z,40,false,associated,yes,king,queen,yes,true,1084,false
8YG2L9,desktop,2026-09-03T20:49:14.634Z,41,false,associated,yes,black,white,yes,true,857,false
8YG2L9,desktop,2026-09-03T20:49:14.634Z,42,false,unassociated,yes,knife,butter,yes,true,954,false
8YG2L9,desktop,2026-09-03T20:49:14.634Z,43,false,nonword,no,ladder,nammer,no,true,586,false
8YG2L9,desktop,2026-09-03T20:49:14.634Z,44,false,nonword,no,velvet,wab,no,true,938,false
8YG2L9,desktop,2026-09-03T20:49:14.634Z,45,false,nonword,no,garden,darp,no,true,978,false
8YG2L9,desktop,2026-09-03T20:49:14.634Z,46,false,nonword,no,scok,brend,no,true,1256,false
8YG2L9,desktop,2026-09-03T20:49:14.634Z,47,false,associated,yes,sun,moon,yes,true,766,false
8YG2L9,desktop,2026-09-03T20:49:14.634Z,48,false,unassociated,yes,hand,thread,yes,true,1025,false
8YG2L9,desktop,2026-09-03T20:49:14.634Z,49,false,nonword,no,monkey,dorg,no,true,1060,false
8YG2L9,desktop,2026-09-03T20:49:14.634Z,50,false,associated,yes,mother,father,yes,true,665,false
8YG2L9,desktop,2026-09-03T20:49:14.634Z,51,false,nonword,no,jacket,crade,no,true,965,false
8YG2L9,desktop,2026-09-03T20:49:14.634Z,52,false,nonword,no,hant,yellow,no,true,1215,false
8YG2L9,desktop,2026-09-03T20:49:14.634Z,53,false,unassociated,yes,hot,paper,yes,true,745,false
8YG2L9,desktop,2026-09-03T20:49:14.634Z,54,false,associated,yes,spider,web,yes,true,680,false
D236QP,touch,2026-09-03T20:49:38.180Z,1,true,unassociated,yes,apple,door,yes,true,852,false
D236QP,touch,2026-09-03T20:49:38.180Z,2,true,nonword,no,trink,house,no,true,799,false
D236QP,touch,2026-09-03T20:49:38.180Z,3,true,associated,yes,north,south,yes,true,867,false
D236QP,touch,2026-09-03T20:49:38.180Z,4,true,associated,yes,coffee,tea,yes,true,905,false
D236QP,touch,2026-09-03T20:49:38.180Z,5,true,nonword,no,lamp,gorp,no,true,1276,false
D236QP,touch,2026-09-03T20:49:38.180Z,6,true,unassociated,yes,shirt,river,yes,true,877,false
D236QP,touch,2026-09-03T20:49:38.180Z,7,false,nonword,no,narse,plome,no,true,926,false
D236QP,touch,2026-09-03T20:49:38.180Z,8,false,nonword,no,sturn,rocket,no,true,704,false
D236QP,touch,2026-09-03T20:49:38.180Z,9,false,associated,yes,hot,cold,yes,true,754,false
D236QP,touch,2026-09-03T20:49:38.180Z,10,false,unassociated,yes,cat,wife,yes,true,830,false
D236QP,touch,2026-09-03T20:49:38.180Z,11,false,unassociated,yes,hammer,dog,yes,true,856,false
D236QP,touch,2026-09-03T20:49:38.180Z,12,false,unassociated,yes,sun,nail,yes,true,763,false
D236QP,touch,2026-09-03T20:49:38.180Z,13,false,unassociated,yes,lock,moon,yes,true,665,false
D236QP,touch,2026-09-03T20:49:38.180Z,14,false,nonword,no,paner,brend,yes,false,700,false
D236QP,touch,2026-09-03T20:49:38.180Z,15,false,unassociated,yes,boy,fork,yes,true,825,false
D236QP,touch,2026-09-03T20:49:38.180Z,16,false,associated,yes,cup,saucer,yes,true,3476,false
D236QP,touch,2026-09-03T20:49:38.180Z,17,false,associated,yes,shoe,sock,yes,true,957,false
D236QP,touch,2026-09-03T20:49:38.180Z,18,false,unassociated,yes,husband,girl,yes,true,1046,true
D236QP,touch,2026-09-03T20:49:38.180Z,19,false,nonword,no,trell,letter,no,true,1075,false
D236QP,touch,2026-09-03T20:49:38.180Z,20,false,nonword,no,quing,thumber,no,true,775,false
D236QP,touch,2026-09-03T20:49:38.180Z,21,false,nonword,no,window,mether,no,true,851,false
D236QP,touch,2026-09-03T20:49:38.180Z,22,false,nonword,no,jacket,hant,no,true,955,false
D236QP,touch,2026-09-03T20:49:38.180Z,23,false,nonword,no,wallet,kez,no,true,869,false
D236QP,touch,2026-09-03T20:49:38.180Z,24,false,unassociated,yes,needle,key,yes,true,992,false
D236QP,touch,2026-09-03T20:49:38.180Z,25,false,unassociated,yes,knife,white,yes,true,689,false
D236QP,touch,2026-09-03T20:49:38.180Z,26,false,nonword,no,groop,tunnel,no,true,813,false
D236QP,touch,2026-09-03T20:49:38.180Z,27,false,unassociated,yes,table,father,yes,true,668,false
D236QP,touch,2026-09-03T20:49:38.180Z,28,false,nonword,no,borl,monkey,no,true,755,false
D236QP,touch,2026-09-03T20:49:38.180Z,29,false,nonword,no,planet,fonk,no,true,1112,false
D236QP,touch,2026-09-03T20:49:38.180Z,30,false,associated,yes,pen,paper,yes,true,634,false
D236QP,touch,2026-09-03T20:49:38.180Z,31,false,associated,yes,hand,foot,yes,true,789,false
D236QP,touch,2026-09-03T20:49:38.180Z,32,false,nonword,no,pelper,blick,no,true,885,false
D236QP,touch,2026-09-03T20:49:38.180Z,33,false,nonword,no,carpet,threed,no,true,918,false
D236QP,touch,2026-09-03T20:49:38.180Z,34,false,nonword,no,graib,wibe,no,true,737,false
D236QP,touch,2026-09-03T20:49:38.180Z,35,false,nonword,no,dinner,moin,no,true,696,false
D236QP,touch,2026-09-03T20:49:38.180Z,36,false,associated,yes,thunder,lightning,yes,true,650,false
D236QP,touch,2026-09-03T20:49:38.180Z,37,false,unassociated,yes,mother,chair,yes,true,614,false
D236QP,touch,2026-09-03T20:49:38.180Z,38,false,nonword,no,nammer,pencil,no,true,1131,false
D236QP,touch,2026-09-03T20:49:38.180Z,39,false,nonword,no,crade,dorg,no,true,1159,false
D236QP,touch,2026-09-03T20:49:38.180Z,40,false,unassociated,yes,black,butter,yes,true,858,false
D236QP,touch,2026-09-03T20:49:38.180Z,41,false,nonword,no,silver,chaif,yes,false,1170,false
D236QP,touch,2026-09-03T20:49:38.180Z,42,false,associated,yes,day,night,yes,true,666,false
D236QP,touch,2026-09-03T20:49:38.180Z,43,false,nonword,no,darp,vosk,no,true,716,false
D236QP,touch,2026-09-03T20:49:38.180Z,44,false,nonword,no,cald,pillow,no,true,659,false
D236QP,touch,2026-09-03T20:49:38.180Z,45,false,nonword,no,saucel,garden,no,true,963,false
D236QP,touch,2026-09-03T20:49:38.180Z,46,false,associated,yes,bride,groom,yes,true,654,false
D236QP,touch,2026-09-03T20:49:38.180Z,47,false,associated,yes,spider,web,yes,true,733,false
D236QP,touch,2026-09-03T20:49:38.180Z,48,false,unassociated,yes,bread,thread,no,false,652,false
D236QP,touch,2026-09-03T20:49:38.180Z,49,false,associated,yes,doctor,nurse,yes,true,482,false
D236QP,touch,2026-09-03T20:49:38.180Z,50,false,nonword,no,naight,forest,no,true,959,false
D236QP,touch,2026-09-03T20:49:38.180Z,51,false,nonword,no,bottle,wab,no,true,946,false
D236QP,touch,2026-09-03T20:49:38.180Z,52,false,associated,yes,salt,pepper,yes,true,442,false
D236QP,touch,2026-09-03T20:49:38.180Z,53,false,nonword,no,flim,scok,no,true,1026,false
D236QP,touch,2026-09-03T20:49:38.180Z,54,false,associated,yes,king,queen,yes,true,798,false
DWXMUM,touch,2026-09-03T20:50:56.584Z,1,true,nonword,no,trink,house,no,true,909,false
DWXMUM,touch,2026-09-03T20:50:56.584Z,2,true,unassociated,yes,shirt,river,yes,true,954,false
DWXMUM,touch,2026-09-03T20:50:56.584Z,3,true,associated,yes,coffee,tea,yes,true,738,false
DWXMUM,touch,2026-09-03T20:50:56.584Z,4,true,unassociated,yes,apple,door,no,false,865,false
DWXMUM,touch,2026-09-03T20:50:56.584Z,5,true,associated,yes,north,south,yes,true,1025,true
DWXMUM,touch,2026-09-03T20:50:56.584Z,6,true,nonword,no,lamp,gorp,no,true,806,false
DWXMUM,touch,2026-09-03T20:50:56.584Z,7,false,nonword,no,fonk,threed,no,true,1077,false
DWXMUM,touch,2026-09-03T20:50:56.584Z,8,false,nonword,no,naight,music,no,true,918,false
DWXMUM,touch,2026-09-03T20:50:56.584Z,9,false,unassociated,yes,hot,father,yes,true,928,false
DWXMUM,touch,2026-09-03T20:50:56.584Z,10,false,nonword,no,ladder,vosk,no,true,804,false
DWXMUM,touch,2026-09-03T20:50:56.584Z,11,false,nonword,no,nammer,kez,no,true,976,false
DWXMUM,touch,2026-09-03T20:50:56.584Z,12,false,associated,yes,needle,thread,no,false,784,false
DWXMUM,touch,2026-09-03T20:50:56.584Z,13,false,nonword,no,plome,basket,no,true,984,false
DWXMUM,touch,2026-09-03T20:50:56.584Z,14,false,nonword,no,flim,graib,yes,false,1008,false
DWXMUM,touch,2026-09-03T20:50:56.584Z,15,false,nonword,no,narse,quing,no,true,924,false
DWXMUM,touch,2026-09-03T20:50:56.584Z,16,false,associated,yes,lock,key,yes,true,996,false
DWXMUM,touch,2026-09-03T20:50:56.584Z,17,false,nonword,no,blick,velvet,no,true,895,false
DWXMUM,touch,2026-09-03T20:50:56.584Z,18,false,unassociated,yes,hand,queen,no,false,137,false
DWXMUM,touch,2026-09-03T20:50:56.584Z,19,false,nonword,no,scok,saucel,no,true,98,true
DWXMUM,touch,2026-09-03T20:50:56.584Z,20,false,nonword,no,bottle,paner,no,true,970,false
DWXMUM,touch,2026-09-03T20:50:56.584Z,21,false,nonword,no,brend,thumber,no,true,916,false
DWXMUM,touch,2026-09-03T20:50:56.584Z,22,false,unassociated,yes,bread,white,yes,true,877,false
DWXMUM,touch,2026-09-03T20:50:56.584Z,23,false,nonword,no,groop,forest,no,true,766,false
DWXMUM,touch,2026-09-03T20:50:56.584Z,24,false,associated,yes,spider,web,yes,true,602,false
DWXMUM,touch,2026-09-03T20:50:56.584Z,25,false,unassociated,yes,black,paper,yes,true,789,false
DWXMUM,touch,2026-09-03T20:50:56.584Z,26,false,nonword,no,trell,planet,no,true,873,false
DWXMUM,touch,2026-09-03T20:50:56.584Z,27,false,associated,yes,bride,groom,yes,true,751,false
DWXMUM,touch,2026-09-03T20:50:56.584Z,28,false,nonword,no,yellow,hant,yes,false,766,false
DWXMUM,touch,2026-09-03T20:50:56.584Z,29,false,nonword,no,borl,tunnel,no,true,887,false
DWXMUM,touch,2026-09-03T20:50:56.584Z,30,false,associated,yes,boy,girl,yes,true,916,false
DWXMUM,touch,2026-09-03T20:50:56.584Z,31,false,unassociated,yes,table,fork,yes,true,798,false
DWXMUM,touch,2026-09-03T20:50:56.584Z,32,false,unassociated,yes,husband,nurse,no,false,834,false
DWXMUM,touch,2026-09-03T20:50:56.584Z,33,false,nonword,no,moin,sturn,no,true,757,false
DWXMUM,touch,2026-09-03T20:50:56.584Z,34,false,nonword,no,candle,pelper,no,true,724,false
DWXMUM,touch,2026-09-03T20:50:56.584Z,35,false,unassociated,yes,knife,foot,yes,true,971,false
DWXMUM,touch,2026-09-03T20:50:56.584Z,36,false,associated,yes,day,night,yes,true,833,false
DWXMUM,touch,2026-09-03T20:50:56.584Z,37,false,unassociated,yes,mother,chair,yes,true,911,false
DWXMUM,touch,2026-09-03T20:50:56.584Z,38,false,unassociated,yes,king,cold,yes,true,715,false
DWXMUM,touch,2026-09-03T20:50:56.584Z,39,false,associated,yes,sun,moon,yes,true,646,false
DWXMUM,touch,2026-09-03T20:50:56.584Z,40,false,nonword,no,crade,silver,no,true,965,false
DWXMUM,touch,2026-09-03T20:50:56.584Z,41,false,nonword,no,wab,wibe,no,true,704,false
DWXMUM,touch,2026-09-03T20:50:56.584Z,42,false,associated,yes,hammer,nail,yes,true,800,false
DWXMUM,touch,2026-09-03T20:50:56.584Z,43,false,unassociated,yes,pen,pepper,yes,true,769,false
DWXMUM,touch,2026-09-03T20:50:56.584Z,44,false,associated,yes,cat,dog,yes,true,1169,false
DWXMUM,touch,2026-09-03T20:50:56.584Z,45,false,unassociated,yes,salt,butter,yes,true,797,false
DWXMUM,touch,2026-09-03T20:50:56.584Z,46,false,nonword,no,pencil,darp,no,true,731,false
DWXMUM,touch,2026-09-03T20:50:56.584Z,47,false,associated,yes,cup,saucer,yes,true,703,false
DWXMUM,touch,2026-09-03T20:50:56.584Z,48,false,nonword,no,wallet,cald,no,true,839,false
DWXMUM,touch,2026-09-03T20:50:56.584Z,49,false,nonword,no,market,dorg,no,true,690,false
DWXMUM,touch,2026-09-03T20:50:56.584Z,50,false,nonword,no,window,chaif,no,true,588,false
DWXMUM,touch,2026-09-03T20:50:56.584Z,51,false,nonword,no,mether,monkey,no,true,736,false
DWXMUM,touch,2026-09-03T20:50:56.584Z,52,false,associated,yes,thunder,lightning,yes,true,684,false
DWXMUM,touch,2026-09-03T20:50:56.584Z,53,false,associated,yes,shoe,sock,yes,true,829,false
DWXMUM,touch,2026-09-03T20:50:56.584Z,54,false,unassociated,yes,doctor,wife,yes,true,1044,true
FF355L,desktop,2026-09-03T20:51:41.660Z,1,true,nonword,no,trink,house,no,true,757,false
FF355L,desktop,2026-09-03T20:51:41.660Z,2,true,associated,yes,coffee,tea,yes,true,861,false
FF355L,desktop,2026-09-03T20:51:41.660Z,3,true,unassociated,yes,shirt,river,yes,true,1237,false
FF355L,desktop,2026-09-03T20:51:41.660Z,4,true,associated,yes,north,south,yes,true,1059,false
FF355L,desktop,2026-09-03T20:51:41.660Z,5,true,unassociated,yes,apple,door,no,false,859,false
FF355L,desktop,2026-09-03T20:51:41.660Z,6,true,nonword,no,lamp,gorp,no,true,1026,false
FF355L,desktop,2026-09-03T20:51:41.660Z,7,false,unassociated,yes,bride,father,yes,true,677,false
FF355L,desktop,2026-09-03T20:51:41.660Z,8,false,nonword,no,fonk,music,no,true,1017,false
FF355L,desktop,2026-09-03T20:51:41.660Z,9,false,unassociated,yes,black,moon,yes,true,844,false
FF355L,desktop,2026-09-03T20:51:41.660Z,10,false,nonword,no,cald,scok,no,true,1013,false
FF355L,desktop,2026-09-03T20:51:41.660Z,11,false,associated,yes,cup,saucer,yes,true,656,false
FF355L,desktop,2026-09-03T20:51:41.660Z,12,false,nonword,no,flim,velvet,no,true,854,false
FF355L,desktop,2026-09-03T20:51:41.660Z,13,false,unassociated,yes,thunder,groom,yes,true,832,false
FF355L,desktop,2026-09-03T20:51:41.660Z,14,false,nonword,no,pelper,paner,no,true,128,false
FF355L,desktop,2026-09-03T20:51:41.660Z,15,false,nonword,no,wab,rocket,yes,false,943,false
FF355L,desktop,2026-09-03T20:51:41.660Z,16,false,unassociated,yes,needle,lightning,yes,true,749,false
FF355L,desktop,2026-09-03T20:51:41.660Z,17,false,nonword,no,jacket,threed,no,true,832,false
FF355L,desktop,2026-09-03T20:51:41.660Z,18,false,associated,yes,husband,wife,yes,true,3229,false
FF355L,desktop,2026-09-03T20:51:41.660Z,19,false,associated,yes,salt,pepper,yes,true,750,false
FF355L,desktop,2026-09-03T20:51:41.660Z,20,false,nonword,no,mether,kez,no,true,952,false
FF355L,desktop,2026-09-03T20:51:41.660Z,21,false,associated,yes,day,night,yes,true,907,false
FF355L,desktop,2026-09-03T20:51:41.660Z,22,false,unassociated,yes,shoe,web,yes,true,573,false
FF355L,desktop,2026-09-03T20:51:41.660Z,23,false,unassociated,yes,mother,nurse,yes,true,805,false
FF355L,desktop,2026-09-03T20:51:41.660Z,24,false,associated,yes,bread,butter,yes,true,1051,false
FF355L,desktop,2026-09-03T20:51:41.660Z,25,false,nonword,no,basket,nammer,no,true,889,false
FF355L,desktop,2026-09-03T20:51:41.660Z,26,false,nonword,no,blick,silver,no,true,792,false
FF355L,desktop,2026-09-03T20:51:41.660Z,27,false,associated,yes,boy,girl,yes,true,805,false
FF355L,desktop,2026-09-03T20:51:41.660Z,28,false,nonword,no,crade,brend,no,true,4175,false
FF355L,desktop,2026-09-03T20:51:41.660Z,29,false,nonword,no,plome,tunnel,no,true,777,false
FF355L,desktop,2026-09-03T20:51:41.660Z,30,false,nonword,no,vosk,dinner,no,true,660,false
FF355L,desktop,2026-09-03T20:51:41.660Z,31,false,associated,yes,hot,cold,yes,true,908,false
FF355L,desktop,2026-09-03T20:51:41.660Z,32,false,nonword,no,quing,borl,no,true,896,false
FF355L,desktop,2026-09-03T20:51:41.660Z,33,false,unassociated,yes,table,paper,yes,true,693,false
FF355L,desktop,2026-09-03T20:51:41.660Z,34,false,unassociated,yes,spider,fork,yes,true,885,false
FF355L,desktop,2026-09-03T20:51:41.660Z,35,false,associated,yes,hammer,nail,yes,true,804,false
FF355L,desktop,2026-09-03T20:51:41.660Z,36,false,nonword,no,hant,narse,no,true,703,false
FF355L,desktop,2026-09-03T20:51:41.660Z,37,false,nonword,no,naight,ladder,no,true,976,false
FF355L,desktop,2026-09-03T20:51:41.660Z,38,false,nonword,no,candle,dorg,no,true,917,false
FF355L,desktop,2026-09-03T20:51:41.660Z,39,false,nonword,no,darp,trell,no,true,934,false
FF355L,desktop,2026-09-03T20:51:41.660Z,40,false,nonword,no,market,sturn,no,true,843,false
FF355L,desktop,2026-09-03T20:51:41.660Z,41,false,unassociated,yes,sun,sock,yes,true,735,false
FF355L,desktop,2026-09-03T20:51:41.660Z,42,false,unassociated,yes,doctor,thread,no,false,111,false
FF355L,desktop,2026-09-03T20:51:41.660Z,43,false,nonword,no,chaif,groop,no,true,788,false
FF355L,desktop,2026-09-03T20:51:41.660Z,44,false,nonword,no,bottle,saucel,no,true,856,false
FF355L,desktop,2026-09-03T20:51:41.660Z,45,false,associated,yes,cat,dog,yes,true,694,false
FF355L,desktop,2026-09-03T20:51:41.660Z,46,false,unassociated,yes,pen,chair,yes,true,941,false
FF355L,desktop,2026-09-03T20:51:41.660Z,47,false,associated,yes,king,queen,yes,true,690,false
FF355L,desktop,2026-09-03T20:51:41.660Z,48,false,nonword,no,window,moin,no,true,5443,false
FF355L,desktop,2026-09-03T20:51:41.660Z,49,false,unassociated,yes,knife,white,yes,true,771,false
FF355L,desktop,2026-09-03T20:51:41.660Z,50,false,nonword,no,pencil,wibe,no,true,1251,false
FF355L,desktop,2026-09-03T20:51:41.660Z,51,false,nonword,no,monkey,graib,no,true,881,false
FF355L,desktop,2026-09-03T20:51:41.660Z,52,false,associated,yes,lock,key,yes,true,192,false
FF355L,desktop,2026-09-03T20:51:41.660Z,53,false,associated,yes,hand,foot,yes,true,736,false
FF355L,desktop,2026-09-03T20:51:41.660Z,54,false,nonword,no,thumber,wallet,no,true,841,false
H02YG0,desktop,2026-09-03T20:55:10.431Z,1,true,nonword,no,lamp,gorp,yes,false,1154,false
H02YG0,desktop,2026-09-03T20:55:10.431Z,2,true,associated,yes,coffee,tea,yes,true,898,false
H02YG0,desktop,2026-09-03T20:55:10.431Z,3,true,associated,yes,north,south,no,false,823,false
H02YG0,desktop,2026-09-03T20:55:10.431Z,4,true,unassociated,yes,shirt,river,yes,true,626,false
H02YG0,desktop,2026-09-03T20:55:10.431Z,5,true,unassociated,yes,apple,door,yes,true,774,false
H02YG0,desktop,2026-09-03T20:55:10.431Z,6,true,nonword,no,trink,house,no,true,1021,false
H02YG0,desktop,2026-09-03T20:55:10.431Z,7,false,associated,yes,cup,saucer,yes,true,677,false
H02YG0,desktop,2026-09-03T20:55:10.431Z,8,false,unassociated,yes,needle,night,yes,true,958,false
H02YG0,desktop,2026-09-03T20:55:10.431Z,9,false,associated,yes,cat,dog,yes,true,1121,false
H02YG0,desktop,2026-09-03T20:55:10.431Z,10,false,associated,yes,bread,butter,yes,true,514,false
H02YG0,desktop,2026-09-03T20:55:10.431Z,11,false,nonword,no,ladder,quing,yes,false,1034,false
H02YG0,desktop,2026-09-03T20:55:10.431Z,12,false,associated,yes,pen,paper,yes,true,566,false
H02YG0,desktop,2026-09-03T20:55:10.431Z,13,false,unassociated,yes,lock,girl,yes,true,677,false
H02YG0,desktop,2026-09-03T20:55:10.431Z,14,false,nonword,no,monkey,crade,no,true,925,false
H02YG0,desktop,2026-09-03T20:55:10.431Z,15,false,nonword,no,sturn,flim,no,true,1029,false
H02YG0,desktop,2026-09-03T20:55:10.431Z,16,false,associated,yes,sun,moon,yes,true,609,false
H02YG0,desktop,2026-09-03T20:55:10.431Z,17,false,nonword,no,rocket,scok,no,true,978,false
H02YG0,desktop,2026-09-03T20:55:10.431Z,18,false,unassociated,yes,boy,wife,yes,true,629,false
H02YG0,desktop,2026-09-03T20:55:10.431Z,19,false,nonword,no,blick,pencil,no,true,857,false
H02YG0,desktop,2026-09-03T20:55:10.431Z,20,false,unassociated,yes,husband,sock,yes,true,771,false
H02YG0,desktop,2026-09-03T20:55:10.431Z,21,false,nonword,no,brend,groop,no,true,893,false
H02YG0,desktop,2026-09-03T20:55:10.431Z,22,false,nonword,no,nammer,chaif,no,true,1240,false
H02YG0,desktop,2026-09-03T20:55:10.431Z,23,false,nonword,no,velvet,kez,no,true,715,false
H02YG0,desktop,2026-09-03T20:55:10.431Z,24,false,associated,yes,thunder,lightning,yes,true,730,false
H02YG0,desktop,2026-09-03T20:55:10.431Z,25,false,nonword,no,saucel,candle,no,true,612,false
H02YG0,desktop,2026-09-03T20:55:10.431Z,26,false,associated,yes,hammer,nail,yes,true,535,false
H02YG0,desktop,2026-09-03T20:55:10.431Z,27,false,nonword,no,darp,letter,no,true,800,false
H02YG0,desktop,2026-09-03T20:55:10.431Z,28,false,unassociated,yes,mother,key,yes,true,903,false
H02YG0,desktop,2026-09-03T20:55:10.431Z,29,false,nonword,no,pelper,trell,no,true,533,false
H02YG0,desktop,2026-09-03T20:55:10.431Z,30,false,nonword,no,narse,forest,no,true,1005,false
H02YG0,desktop,2026-09-03T20:55:10.431Z,31,false,unassociated,yes,hot,thread,yes,true,807,false
H02YG0,desktop,2026-09-03T20:55:10.431Z,32,false,associated,yes,doctor,nurse,yes,true,1228,false
H02YG0,desktop,2026-09-03T20:55:10.431Z,33,false,nonword,no,garden,wibe,yes,false,829,false
H02YG0,desktop,2026-09-03T20:55:10.431Z,34,false,nonword,no,pillow,mether,no,true,830,false
H02YG0,desktop,2026-09-03T20:55:10.431Z,35,false,unassociated,yes,knife,father,yes,true,604,false
H02YG0,desktop,2026-09-03T20:55:10.431Z,36,false,nonword,no,naight,vosk,yes,false,797,false
H02YG0,desktop,2026-09-03T20:55:10.431Z,37,false,unassociated,yes,day,foot,yes,true,660,false
H02YG0,desktop,2026-09-03T20:55:10.431Z,38,false,nonword,no,carpet,threed,no,true,1104,false
H02YG0,desktop,2026-09-03T20:55:10.431Z,39,false,nonword,no,plome,moin,no,true,939,false
H02YG0,desktop,2026-09-03T20:55:10.431Z,40,false,unassociated,yes,king,cold,yes,true,717,false
H02YG0,desktop,2026-09-03T20:55:10.431Z,41,false,associated,yes,spider,web,no,false,90,false
H02YG0,desktop,2026-09-03T20:55:10.431Z,42,false,associated,yes,salt,pepper,yes,true,897,false
H02YG0,desktop,2026-09-03T20:55:10.431Z,43,false,nonword,no,graib,basket,yes,false,937,false
H02YG0,desktop,2026-09-03T20:55:10.431Z,44,false,nonword,no,dinner,borl,no,true,560,false
H02YG0,desktop,2026-09-03T20:55:10.431Z,45,false,unassociated,yes,hand,white,yes,true,681,false
H02YG0,desktop,2026-09-03T20:55:10.431Z,46,false,nonword,no,thumber,hant,no,true,864,false
H02YG0,desktop,2026-09-03T20:55:10.431Z,47,false,associated,yes,bride,groom,yes,true,555,false
H02YG0,desktop,2026-09-03T20:55:10.431Z,48,false,nonword,no,wab,tunnel,no,true,920,false
H02YG0,desktop,2026-09-03T20:55:10.431Z,49,false,nonword,no,paner,market,no,true,809,false
H02YG0,desktop,2026-09-03T20:55:10.431Z,50,false,unassociated,yes,shoe,queen,yes,true,647,false
H02YG0,desktop,2026-09-03T20:55:10.431Z,51,false,nonword,no,fonk,cald,no,true,859,false
H02YG0,desktop,2026-09-03T20:55:10.431Z,52,false,associated,yes,table,chair,yes,true,830,false
H02YG0,desktop,2026-09-03T20:55:10.431Z,53,false,unassociated,yes,black,fork,yes,true,1433,false
H02YG0,desktop,2026-09-03T20:55:10.431Z,54,false,nonword,no,dorg,engine,no,true,849,false
JVS98Y,desktop,2026-09-03T20:55:41.597Z,1,true,nonword,no,trink,house,no,true,619,false
JVS98Y,desktop,2026-09-03T20:55:41.597Z,2,true,associated,yes,coffee,tea,yes,true,631,false
JVS98Y,desktop,2026-09-03T20:55:41.597Z,3,true,associated,yes,north,south,yes,true,706,false
JVS98Y,desktop,2026-09-03T20:55:41.597Z,4,true,unassociated,yes,shirt,river,yes,true,627,false
JVS98Y,desktop,2026-09-03T20:55:41.597Z,5,true,unassociated,yes,apple,door,yes,true,882,false
JVS98Y,desktop,2026-09-03T20:55:41.597Z,6,true,nonword,no,lamp,gorp,no,true,681,false
JVS98Y,desktop,2026-09-03T20:55:41.597Z,7,false,nonword,no,crade,rocket,no,true,569,false
JVS98Y,desktop,2026-09-03T20:55:41.597Z,8,false,associated,yes,knife,fork,yes,true,380,false
JVS98Y,desktop,2026-09-03T20:55:41.597Z,9,false,unassociated,yes,lock,girl,yes,true,589,false
JVS98Y,desktop,2026-09-03T20:55:41.597Z,10,false,nonword,no,planet,thumber,no,true,665,false
JVS98Y,desktop,2026-09-03T20:55:41.597Z,11,false,unassociated,yes,spider,saucer,no,false,807,false
JVS98Y,desktop,2026-09-03T20:55:41.597Z,12,false,nonword,no,paner,carpet,no,true,727,false
JVS98Y,desktop,2026-09-03T20:55:41.597Z,13,false,unassociated,yes,shoe,lightning,no,false,636,false
JVS98Y,desktop,2026-09-03T20:55:41.597Z,14,false,nonword,no,blick,nammer,no,true,726,false
JVS98Y,desktop,2026-09-03T20:55:41.597Z,15,false,nonword,no,wallet,dorg,no,true,716,false
JVS98Y,desktop,2026-09-03T20:55:41.597Z,16,false,nonword,no,market,graib,no,true,631,false
JVS98Y,desktop,2026-09-03T20:55:41.597Z,17,false,unassociated,yes,hand,key,yes,true,700,false
JVS98Y,desktop,2026-09-03T20:55:41.597Z,18,false,nonword,no,plome,vosk,no,true,470,false
JVS98Y,desktop,2026-09-03T20:55:41.597Z,19,false,associated,yes,husband,wife,yes,true,531,false
JVS98Y,desktop,2026-09-03T20:55:41.597Z,20,false,nonword,no,naight,window,no,true,732,false
JVS98Y,desktop,2026-09-03T20:55:41.597Z,21,false,nonword,no,silver,wibe,no,true,743,false
JVS98Y,desktop,2026-09-03T20:55:41.597Z,22,false,associated,yes,hot,cold,yes,true,599,false
JVS98Y,desktop,2026-09-03T20:55:41.597Z,23,false,nonword,no,narse,basket,no,true,950,false
JVS98Y,desktop,2026-09-03T20:55:41.597Z,24,false,nonword,no,ladder,saucel,no,true,526,false
JVS98Y,desktop,2026-09-03T20:55:41.597Z,25,false,nonword,no,borl,wab,no,true,530,false
JVS98Y,desktop,2026-09-03T20:55:41.597Z,26,false,associated,yes,sun,moon,yes,true,443,false
JVS98Y,desktop,2026-09-03T20:55:41.597Z,27,false,nonword,no,hant,flim,no,true,912,false
JVS98Y,desktop,2026-09-03T20:55:41.597Z,28,false,associated,yes,king,queen,yes,true,475,false
JVS98Y,desktop,2026-09-03T20:55:41.597Z,29,false,nonword,no,cald,kez,no,true,802,false
JVS98Y,desktop,2026-09-03T20:55:41.597Z,30,false,nonword,no,threed,moin,no,true,745,false
JVS98Y,desktop,2026-09-03T20:55:41.597Z,31,false,associated,yes,cat,dog,yes,true,492,false
JVS98Y,desktop,2026-09-03T20:55:41.597Z,32,false,unassociated,yes,doctor,butter,yes,true,512,false
JVS98Y,desktop,2026-09-03T20:55:41.597Z,33,false,unassociated,yes,pen,sock,yes,true,662,false
JVS98Y,desktop,2026-09-03T20:55:41.597Z,34,false,nonword,no,velvet,groop,no,true,658,false
JVS98Y,desktop,2026-09-03T20:55:41.597Z,35,false,nonword,no,fonk,jacket,no,true,684,false
JVS98Y,desktop,2026-09-03T20:55:41.597Z,36,false,nonword,no,trell,scok,no,true,522,false
JVS98Y,desktop,2026-09-03T20:55:41.597Z,37,false,associated,yes,bride,groom,yes,true,632,false
JVS98Y,desktop,2026-09-03T20:55:41.597Z,38,false,nonword,no,sturn,pencil,no,true,514,false
JVS98Y,desktop,2026-09-03T20:55:41.597Z,39,false,unassociated,yes,mother,foot,yes,true,551,false
JVS98Y,desktop,2026-09-03T20:55:41.597Z,40,false,associated,yes,table,chair,yes,true,551,false
JVS98Y,desktop,2026-09-03T20:55:41.597Z,41,false,unassociated,yes,black,paper,yes,true,668,false
JVS98Y,desktop,2026-09-03T20:55:41.597Z,42,false,unassociated,yes,boy,white,no,false,589,false
JVS98Y,desktop,2026-09-03T20:55:41.597Z,43,false,unassociated,yes,thunder,father,yes,true,461,false
JVS98Y,desktop,2026-09-03T20:55:41.597Z,44,false,nonword,no,letter,pelper,yes,false,578,false
JVS98Y,desktop,2026-09-03T20:55:41.597Z,45,false,associated,yes,hammer,nail,yes,true,663,false
JVS98Y,desktop,2026-09-03T20:55:41.597Z,46,false,associated,yes,day,night,no,false,569,false
JVS98Y,desktop,2026-09-03T20:55:41.597Z,47,false,unassociated,yes,cup,nurse,yes,true,794,false
JVS98Y,desktop,2026-09-03T20:55:41.597Z,48,false,nonword,no,chaif,bottle,no,true,716,false
JVS98Y,desktop,2026-09-03T20:55:41.597Z,49,false,associated,yes,salt,pepper,yes,true,391,false
JVS98Y,desktop,2026-09-03T20:55:41.597Z,50,false,nonword,no,garden,darp,no,true,405,false
JVS98Y,desktop,2026-09-03T20:55:41.597Z,51,false,unassociated,yes,bread,web,yes,true,561,false
JVS98Y,desktop,2026-09-03T20:55:41.597Z,52,false,associated,yes,needle,thread,yes,true,499,false
JVS98Y,desktop,2026-09-03T20:55:41.597Z,53,false,nonword,no,quing,brend,no,true,686,false
JVS98Y,desktop,2026-09-03T20:55:41.597Z,54,false,nonword,no,mether,pillow,no,true,618,false
L9H2OS,desktop,2026-09-03T20:55:52.917Z,1,true,nonword,no,lamp,gorp,yes,false,993,false
L9H2OS,desktop,2026-09-03T20:55:52.917Z,2,true,associated,yes,coffee,tea,yes,true,815,false
L9H2OS,desktop,2026-09-03T20:55:52.917Z,3,true,unassociated,yes,apple,door,yes,true,1040,false
L9H2OS,desktop,2026-09-03T20:55:52.917Z,4,true,associated,yes,north,south,yes,true,962,false
L9H2OS,desktop,2026-09-03T20:55:52.917Z,5,true,nonword,no,trink,house,no,true,1009,false
L9H2OS,desktop,2026-09-03T20:55:52.917Z,6,true,unassociated,yes,shirt,river,no,false,1410,false
L9H2OS,desktop,2026-09-03T20:55:52.917Z,7,false,associated,yes,bride,groom,yes,true,666,false
L9H2OS,desktop,2026-09-03T20:55:52.917Z,8,false,associated,yes,sun,moon,yes,true,584,false
L9H2OS,desktop,2026-09-03T20:55:52.917Z,9,false,nonword,no,mether,forest,no,true,737,false
L9H2OS,desktop,2026-09-03T20:55:52.917Z,10,false,unassociated,yes,husband,nail,no,false,843,false
L9H2OS,desktop,2026-09-03T20:55:52.917Z,11,false,nonword,no,moin,sturn,no,true,1095,false
L9H2OS,desktop,2026-09-03T20:55:52.917Z,12,false,nonword,no,kez,garden,no,true,967,false
L9H2OS,desktop,2026-09-03T20:55:52.917Z,13,false,nonword,no,fonk,chaif,no,true,1164,false
L9H2OS,desktop,2026-09-03T20:55:52.917Z,14,false,nonword,no,saucel,darp,no,true,850,false
L9H2OS,desktop,2026-09-03T20:55:52.917Z,15,false,nonword,no,flim,trell,no,true,734,false
L9H2OS,desktop,2026-09-03T20:55:52.917Z,16,false,nonword,no,wibe,silver,yes,false,651,false
L9H2OS,desktop,2026-09-03T20:55:52.917Z,17,false,unassociated,yes,knife,foot,yes,true,761,false
L9H2OS,desktop,2026-09-03T20:55:52.917Z,18,false,nonword,no,wab,blick,no,true,1275,false
L9H2OS,desktop,2026-09-03T20:55:52.917Z,19,false,nonword,no,music,dorg,no,true,965,false
L9H2OS,desktop,2026-09-03T20:55:52.917Z,20,false,nonword,no,naight,market,no,true,855,false
L9H2OS,desktop,2026-09-03T20:55:52.917Z,21,false,associated,yes,thunder,lightning,yes,true,783,false
L9H2OS,desktop,2026-09-03T20:55:52.917Z,22,false,associated,yes,cat,dog,yes,true,767,false
L9H2OS,desktop,2026-09-03T20:55:52.917Z,23,false,nonword,no,scok,crade,no,true,719,false
L9H2OS,desktop,2026-09-03T20:55:52.917Z,24,false,nonword,no,graib,pencil,no,true,585,false
L9H2OS,desktop,2026-09-03T20:55:52.917Z,25,false,nonword,no,borl,vosk,no,true,713,false
L9H2OS,desktop,2026-09-03T20:55:52.917Z,26,false,associated,yes,cup,saucer,yes,true,1229,false
L9H2OS,desktop,2026-09-03T20:55:52.917Z,27,false,nonword,no,jacket,brend,no,true,1136,false
L9H2OS,desktop,2026-09-03T20:55:52.917Z,28,false,unassociated,yes,black,queen,yes,true,756,false
L9H2OS,desktop,2026-09-03T20:55:52.917Z,29,false,nonword,no,groop,candle,no,true,928,false
L9H2OS,desktop,2026-09-03T20:55:52.917Z,30,false,nonword,no,bottle,plome,no,true,858,false
L9H2OS,desktop,2026-09-03T20:55:52.917Z,31,false,nonword,no,carpet,paner,no,true,864,false
L9H2OS,desktop,2026-09-03T20:55:52.917Z,32,false,associated,yes,boy,girl,yes,true,712,false
L9H2OS,desktop,2026-09-03T20:55:52.917Z,33,false,nonword,no,wallet,pelper,no,true,1102,false
L9H2OS,desktop,2026-09-03T20:55:52.917Z,34,false,nonword,no,planet,cald,no,true,866,false
L9H2OS,desktop,2026-09-03T20:55:52.917Z,35,false,nonword,no,narse,nammer,no,true,714,false
L9H2OS,desktop,2026-09-03T20:55:52.917Z,36,false,associated,yes,spider,web,yes,true,139,false
L9H2OS,desktop,2026-09-03T20:55:52.917Z,37,false,unassociated,yes,king,chair,no,false,805,false
L9H2OS,desktop,2026-09-03T20:55:52.917Z,38,false,unassociated,yes,shoe,butter,yes,true,732,false
L9H2OS,desktop,2026-09-03T20:55:52.917Z,39,false,nonword,no,rocket,hant,no,true,730,false
L9H2OS,desktop,2026-09-03T20:55:52.917Z,40,false,unassociated,yes,salt,sock,no,false,1003,false
L9H2OS,desktop,2026-09-03T20:55:52.917Z,41,false,associated,yes,day,night,yes,true,620,false
L9H2OS,desktop,2026-09-03T20:55:52.917Z,42,false,unassociated,yes,doctor,wife,yes,true,977,false
L9H2OS,desktop,2026-09-03T20:55:52.917Z,43,false,unassociated,yes,table,paper,yes,true,534,false
L9H2OS,desktop,2026-09-03T20:55:52.917Z,44,false,associated,yes,needle,thread,yes,true,563,false
L9H2OS,desktop,2026-09-03T20:55:52.917Z,45,false,nonword,no,quing,monkey,no,true,876,false
L9H2OS,desktop,2026-09-03T20:55:52.917Z,46,false,unassociated,yes,bread,nurse,yes,true,1041,false
L9H2OS,desktop,2026-09-03T20:55:52.917Z,47,false,associated,yes,hot,cold,yes,true,682,false
L9H2OS,desktop,2026-09-03T20:55:52.917Z,48,false,nonword,no,thumber,yellow,no,true,710,false
L9H2OS,desktop,2026-09-03T20:55:52.917Z,49,false,associated,yes,mother,father,yes,true,702,false
L9H2OS,desktop,2026-09-03T20:55:52.917Z,50,false,unassociated,yes,pen,pepper,yes,true,834,false
L9H2OS,desktop,2026-09-03T20:55:52.917Z,51,false,nonword,no,basket,threed,no,true,1080,false
L9H2OS,desktop,2026-09-03T20:55:52.917Z,52,false,unassociated,yes,hand,white,yes,true,760,false
L9H2OS,desktop,2026-09-03T20:55:52.917Z,53,false,unassociated,yes,hammer,fork,yes,true,855,false
L9H2OS,desktop,2026-09-03T20:55:52.917Z,54,false,associated,yes,lock,key,yes,true,676,false
MMHT70,desktop,2026-09-03T20:56:34.314Z,1,true,nonword,no,lamp,gorp,yes,false,1048,false
MMHT70,desktop,2026-09-03T20:56:34.314Z,2,true,unassociated,yes,apple,door,yes,true,896,false
MMHT70,desktop,2026-09-03T20:56:34.314Z,3,true,associated,yes,north,south,yes,true,641,false
MMHT70,desktop,2026-09-03T20:56:34.314Z,4,true,unassociated,yes,shirt,river,yes,true,830,false
MMHT70,desktop,2026-09-03T20:56:34.314Z,5,true,nonword,no,trink,house,no,true,739,false
MMHT70,desktop,2026-09-03T20:56:34.314Z,6,true,associated,yes,coffee,tea,yes,true,725,false
MMHT70,desktop,2026-09-03T20:56:34.314Z,7,false,unassociated,yes,hot,dog,yes,true,811,false
MMHT70,desktop,2026-09-03T20:56:34.314Z,8,false,associated,yes,pen,paper,yes,true,742,false
MMHT70,desktop,2026-09-03T20:56:34.314Z,9,false,associated,yes,thunder,lightning,yes,true,134,false
MMHT70,desktop,2026-09-03T20:56:34.314Z,10,false,nonword,no,sturn,crade,no,true,782,false
MMHT70,desktop,2026-09-03T20:56:34.314Z,11,false,unassociated,yes,knife,night,yes,true,716,false
MMHT70,desktop,2026-09-03T20:56:34.314Z,12,false,nonword,no,paner,velvet,no,true,800,false
MMHT70,desktop,2026-09-03T20:56:34.314Z,13,false,nonword,no,jacket,hant,no,true,892,false
MMHT70,desktop,2026-09-03T20:56:34.314Z,14,false,nonword,no,blick,scok,yes,false,1029,false
MMHT70,desktop,2026-09-03T20:56:34.314Z,15,false,associated,yes,lock,key,yes,true,665,false
MMHT70,desktop,2026-09-03T20:56:34.314Z,16,false,unassociated,yes,shoe,nurse,yes,true,723,false
MMHT70,desktop,2026-09-03T20:56:34.314Z,17,false,nonword,no,wab,silver,no,true,815,false
MMHT70,desktop,2026-09-03T20:56:34.314Z,18,false,nonword,no,borl,dorg,no,true,866,false
MMHT70,desktop,2026-09-03T20:56:34.314Z,19,false,nonword,no,fonk,planet,no,true,995,true
MMHT70,desktop,2026-09-03T20:56:34.314Z,20,false,unassociated,yes,doctor,thread,yes,true,703,false
MMHT70,desktop,2026-09-03T20:56:34.314Z,21,false,nonword,no,chaif,window,no,true,961,false
MMHT70,desktop,2026-09-03T20:56:34.314Z,22,false,nonword,no,carpet,naight,no,true,897,false
MMHT70,desktop,2026-09-03T20:56:34.314Z,23,false,nonword,no,pillow,wibe,no,true,963,false
MMHT70,desktop,2026-09-03T20:56:34.314Z,24,false,associated,yes,spider,web,yes,true,822,false
MMHT70,desktop,2026-09-03T20:56:34.314Z,25,false,nonword,no,nammer,saucel,no,true,782,false
MMHT70,desktop,2026-09-03T20:56:34.314Z,26,false,nonword,no,mether,music,no,true,822,false
MMHT70,desktop,2026-09-03T20:56:34.314Z,27,false,unassociated,yes,day,cold,yes,true,679,false
MMHT70,desktop,2026-09-03T20:56:34.314Z,28,false,associated,yes,cup,saucer,yes,true,724,false
MMHT70,desktop,2026-09-03T20:56:34.314Z,29,false,nonword,no,flim,quing,no,true,840,false
MMHT70,desktop,2026-09-03T20:56:34.314Z,30,false,unassociated,yes,needle,white,yes,true,618,false
MMHT70,desktop,2026-09-03T20:56:34.314Z,31,false,nonword,no,garden,plome,no,true,779,false
MMHT70,desktop,2026-09-03T20:56:34.314Z,32,false,nonword,no,darp,thumber,no,true,1010,false
MMHT70,desktop,2026-09-03T20:56:34.314Z,33,false,nonword,no,kez,ladder,no,true,970,false
MMHT70,desktop,2026-09-03T20:56:34.314Z,34,false,unassociated,yes,mother,groom,yes,true,720,false
MMHT70,desktop,2026-09-03T20:56:34.314Z,35,false,unassociated,yes,cat,father,no,false,997,false
MMHT70,desktop,2026-09-03T20:56:34.314Z,36,false,associated,yes,salt,pepper,yes,true,910,false
MMHT70,desktop,2026-09-03T20:56:34.314Z,37,false,nonword,no,yellow,threed,no,true,565,false
MMHT70,desktop,2026-09-03T20:56:34.314Z,38,false,nonword,no,cald,moin,no,true,747,false
MMHT70,desktop,2026-09-03T20:56:34.314Z,39,false,unassociated,yes,bride,girl,yes,true,699,false
MMHT70,desktop,2026-09-03T20:56:34.314Z,40,false,unassociated,yes,boy,nail,yes,true,738,false
MMHT70,desktop,2026-09-03T20:56:34.314Z,41,false,nonword,no,narse,tunnel,no,true,892,false
MMHT70,desktop,2026-09-03T20:56:34.314Z,42,false,nonword,no,bottle,brend,no,true,894,false
MMHT70,desktop,2026-09-03T20:56:34.314Z,43,false,unassociated,yes,hammer,fork,yes,true,769,false
MMHT70,desktop,2026-09-03T20:56:34.314Z,44,false,unassociated,yes,black,sock,yes,true,520,false
MMHT70,desktop,2026-09-03T20:56:34.314Z,45,false,nonword,no,vosk,trell,yes,false,780,false
MMHT70,desktop,2026-09-03T20:56:34.314Z,46,false,nonword,no,market,pelper,no,true,608,false
MMHT70,desktop,2026-09-03T20:56:34.314Z,47,false,associated,yes,sun,moon,yes,true,783,false
MMHT70,desktop,2026-09-03T20:56:34.314Z,48,false,associated,yes,hand,foot,yes,true,586,false
MMHT70,desktop,2026-09-03T20:56:34.314Z,49,false,associated,yes,bread,butter,yes,true,983,false
MMHT70,desktop,2026-09-03T20:56:34.314Z,50,false,nonword,no,graib,wallet,no,true,965,false
MMHT70,desktop,2026-09-03T20:56:34.314Z,51,false,associated,yes,husband,wife,yes,true,685,false
MMHT70,desktop,2026-09-03T20:56:34.314Z,52,false,nonword,no,rocket,groop,no,true,939,false
MMHT70,desktop,2026-09-03T20:56:34.314Z,53,false,associated,yes,table,chair,yes,true,624,false
MMHT70,desktop,2026-09-03T20:56:34.314Z,54,false,associated,yes,king,queen,yes,true,495,false
N5GJ91,touch,2026-09-03T20:56:47.568Z,1,true,unassociated,yes,apple,door,yes,true,942,false
N5GJ91,touch,2026-09-03T20:56:47.568Z,2,true,associated,yes,north,south,no,false,1049,false
N5GJ91,touch,2026-09-03T20:56:47.568Z,3,true,nonword,no,lamp,gorp,yes,false,1193,false
N5GJ91,touch,2026-09-03T20:56:47.568Z,4,true,associated,yes,coffee,tea,yes,true,893,false
N5GJ91,touch,2026-09-03T20:56:47.568Z,5,true,nonword,no,trink,house,no,true,1213,false
N5GJ91,touch,2026-09-03T20:56:47.568Z,6,true,unassociated,yes,shirt,river,yes,true,1133,false
N5GJ91,touch,2026-09-03T20:56:47.568Z,7,false,associated,yes,cup,saucer,yes,true,848,false
N5GJ91,touch,2026-09-03T20:56:47.568Z,8,false,unassociated,yes,pen,lightning,yes,true,801,false
N5GJ91,touch,2026-09-03T20:56:47.568Z,9,false,unassociated,yes,needle,pepper,yes,true,1005,false
N5GJ91,touch,2026-09-03T20:56:47.568Z,10,false,nonword,no,wallet,chaif,no,true,777,false
N5GJ91,touch,2026-09-03T20:56:47.568Z,11,false,unassociated,yes,hammer,sock,yes,true,829,false
N5GJ91,touch,2026-09-03T20:56:47.568Z,12,false,unassociated,yes,table,butter,yes,true,883,true
N5GJ91,touch,2026-09-03T20:56:47.568Z,13,false,nonword,no,market,darp,no,true,976,false
N5GJ91,touch,2026-09-03T20:56:47.568Z,14,false,associated,yes,hand,foot,yes,true,956,false
N5GJ91,touch,2026-09-03T20:56:47.568Z,15,false,nonword,no,trell,yellow,no,true,1018,false
N5GJ91,touch,2026-09-03T20:56:47.568Z,16,false,associated,yes,black,white,yes,true,961,false
N5GJ91,touch,2026-09-03T20:56:47.568Z,17,false,nonword,no,kez,fonk,no,true,929,false
N5GJ91,touch,2026-09-03T20:56:47.568Z,18,false,nonword,no,thumber,pelper,yes,false,916,false
N5GJ91,touch,2026-09-03T20:56:47.568Z,19,false,associated,yes,hot,cold,yes,true,999,false
N5GJ91,touch,2026-09-03T20:56:47.568Z,20,false,nonword,no,window,groop,yes,false,1087,false
N5GJ91,touch,2026-09-03T20:56:47.568Z,21,false,nonword,no,candle,wab,no,true,757,false
N5GJ91,touch,2026-09-03T20:56:47.568Z,22,false,unassociated,yes,king,nail,yes,true,1053,false
N5GJ91,touch,2026-09-03T20:56:47.568Z,23,false,nonword,no,borl,carpet,yes,false,1121,false
N5GJ91,touch,2026-09-03T20:56:47.568Z,24,false,nonword,no,plome,flim,no,true,1363,false
N5GJ91,touch,2026-09-03T20:56:47.568Z,25,false,associated,yes,husband,wife,yes,true,956,false
N5GJ91,touch,2026-09-03T20:56:47.568Z,26,false,nonword,no,paner,music,no,true,1056,false
N5GJ91,touch,2026-09-03T20:56:47.568Z,27,false,nonword,no,basket,nammer,no,true,865,false
N5GJ91,touch,2026-09-03T20:56:47.568Z,28,false,associated,yes,knife,fork,yes,true,889,false
N5GJ91,touch,2026-09-03T20:56:47.568Z,29,false,nonword,no,graib,garden,no,true,913,false
N5GJ91,touch,2026-09-03T20:56:47.568Z,30,false,nonword,no,naight,ladder,no,true,956,false
N5GJ91,touch,2026-09-03T20:56:47.568Z,31,false,nonword,no,brend,jacket,no,true,655,false
N5GJ91,touch,2026-09-03T20:56:47.568Z,32,false,nonword,no,planet,crade,no,true,1051,false
N5GJ91,touch,2026-09-03T20:56:47.568Z,33,false,unassociated,yes,mother,dog,yes,true,703,false
N5GJ91,touch,2026-09-03T20:56:47.568Z,34,false,nonword,no,hant,wibe,yes,false,1042,false
N5GJ91,touch,2026-09-03T20:56:47.568Z,35,false,nonword,no,saucel,silver,no,true,652,false
N5GJ91,touch,2026-09-03T20:56:47.568Z,36,false,associated,yes,sun,moon,yes,true,1002,false
N5GJ91,touch,2026-09-03T20:56:47.568Z,37,false,associated,yes,boy,girl,yes,true,1524,false
N5GJ91,touch,2026-09-03T20:56:47.568Z,38,false,nonword,no,pencil,moin,no,true,758,false
N5GJ91,touch,2026-09-03T20:56:47.568Z,39,false,unassociated,yes,spider,queen,yes,true,1206,false
N5GJ91,touch,2026-09-03T20:56:47.568Z,40,false,associated,yes,doctor,nurse,yes,true,724,false
N5GJ91,touch,2026-09-03T20:56:47.568Z,41,false,unassociated,yes,bread,web,yes,true,924,false
N5GJ91,touch,2026-09-03T20:56:47.568Z,42,false,nonword,no,blick,dinner,no,true,925,false
N5GJ91,touch,2026-09-03T20:56:47.568Z,43,false,unassociated,yes,shoe,thread,yes,true,1082,false
N5GJ91,touch,2026-09-03T20:56:47.568Z,44,false,nonword,no,dorg,sturn,no,true,669,false
N5GJ91,touch,2026-09-03T20:56:47.568Z,45,false,nonword,no,threed,cald,no,true,1068,false
N5GJ91,touch,2026-09-03T20:56:47.568Z,46,false,nonword,no,narse,quing,no,true,833,false
N5GJ91,touch,2026-09-03T20:56:47.568Z,47,false,unassociated,yes,thunder,paper,yes,true,147,false
N5GJ91,touch,2026-09-03T20:56:47.568Z,48,false,associated,yes,bride,groom,no,false,774,false
N5GJ91,touch,2026-09-03T20:56:47.568Z,49,false,associated,yes,lock,key,yes,true,1070,false
N5GJ91,touch,2026-09-03T20:56:47.568Z,50,false,nonword,no,vosk,scok,yes,false,1177,false
N5GJ91,touch,2026-09-03T20:56:47.568Z,51,false,associated,yes,day,night,yes,true,737,false
N5GJ91,touch,2026-09-03T20:56:47.568Z,52,false,unassociated,yes,salt,chair,yes,true,742,false
N5GJ91,touch,2026-09-03T20:56:47.568Z,53,false,nonword,no,velvet,mether,no,true,1021,false
N5GJ91,touch,2026-09-03T20:56:47.568Z,54,false,unassociated,yes,cat,father,yes,true,1179,false
NPS9IR,touch,2026-09-03T20:56:48.198Z,1,true,associated,yes,coffee,tea,yes,true,1058,false
NPS9IR,touch,2026-09-03T20:56:48.198Z,2,true,associated,yes,north,south,yes,true,807,false
NPS9IR,touch,2026-09-03T20:56:48.198Z,3,true,unassociated,yes,apple,door,yes,true,1156,false
NPS9IR,touch,2026-09-03T20:56:48.198Z,4,true,nonword,no,trink,house,no,true,704,false
NPS9IR,touch,2026-09-03T20:56:48.198Z,5,true,unassociated,yes,shirt,river,no,false,853,false
NPS9IR,touch,2026-09-03T20:56:48.198Z,6,true,nonword,no,lamp,gorp,no,true,840,false
NPS9IR,touch,2026-09-03T20:56:48.198Z,7,false,nonword,no,brend,pencil,no,true,1107,false
NPS9IR,touch,2026-09-03T20:56:48.198Z,8,false,nonword,no,bottle,nammer,no,true,961,false
NPS9IR,touch,2026-09-03T20:56:48.198Z,9,false,nonword,no,silver,groop,no,true,650,false
NPS9IR,touch,2026-09-03T20:56:48.198Z,10,false,nonword,no,dorg,pelper,no,true,858,false
NPS9IR,touch,2026-09-03T20:56:48.198Z,11,false,unassociated,yes,cat,father,yes,true,838,false
NPS9IR,touch,2026-09-03T20:56:48.198Z,12,false,unassociated,yes,king,paper,yes,true,842,false
NPS9IR,touch,2026-09-03T20:56:48.198Z,13,false,unassociated,yes,black,fork,yes,true,1148,false
NPS9IR,touch,2026-09-03T20:56:48.198Z,14,false,associated,yes,cup,saucer,yes,true,536,false
NPS9IR,touch,2026-09-03T20:56:48.198Z,15,false,nonword,no,chaif,sturn,no,true,1068,false
NPS9IR,touch,2026-09-03T20:56:48.198Z,16,false,nonword,no,scok,vosk,no,true,895,false
NPS9IR,touch,2026-09-03T20:56:48.198Z,17,false,associated,yes,table,chair,yes,true,628,false
NPS9IR,touch,2026-09-03T20:56:48.198Z,18,false,nonword,no,carpet,fonk,no,true,918,false
NPS9IR,touch,2026-09-03T20:56:48.198Z,19,false,associated,yes,thunder,lightning,yes,true,611,false
NPS9IR,touch,2026-09-03T20:56:48.198Z,20,false,nonword,no,wibe,wab,no,true,883,false
NPS9IR,touch,2026-09-03T20:56:48.198Z,21,false,nonword,no,quing,saucel,no,true,770,false
NPS9IR,touch,2026-09-03T20:56:48.198Z,22,false,associated,yes,salt,pepper,yes,true,695,false
NPS9IR,touch,2026-09-03T20:56:48.198Z,23,false,nonword,no,pillow,crade,no,true,908,false
NPS9IR,touch,2026-09-03T20:56:48.198Z,24,false,unassociated,yes,pen,dog,yes,true,761,false
NPS9IR,touch,2026-09-03T20:56:48.198Z,25,false,nonword,no,darp,dinner,no,true,858,false
NPS9IR,touch,2026-09-03T20:56:48.198Z,26,false,unassociated,yes,hammer,foot,yes,true,678,false
NPS9IR,touch,2026-09-03T20:56:48.198Z,27,false,nonword,no,moin,music,no,true,1017,false
NPS9IR,touch,2026-09-03T20:56:48.198Z,28,false,unassociated,yes,doctor,thread,yes,true,743,false
NPS9IR,touch,2026-09-03T20:56:48.198Z,29,false,nonword,no,jacket,cald,no,true,725,false
NPS9IR,touch,2026-09-03T20:56:48.198Z,30,false,nonword,no,letter,paner,no,true,787,false
NPS9IR,touch,2026-09-03T20:56:48.198Z,31,false,unassociated,yes,bread,nail,no,false,684,false
NPS9IR,touch,2026-09-03T20:56:48.198Z,32,false,nonword,no,threed,forest,no,true,806,false
NPS9IR,touch,2026-09-03T20:56:48.198Z,33,false,unassociated,yes,shoe,butter,yes,true,783,false
NPS9IR,touch,2026-09-03T20:56:48.198Z,34,false,nonword,no,trell,market,no,true,767,false
NPS9IR,touch,2026-09-03T20:56:48.198Z,35,false,unassociated,yes,knife,white,no,false,952,false
NPS9IR,touch,2026-09-03T20:56:48.198Z,36,false,nonword,no,blick,yellow,no,true,891,false
NPS9IR,touch,2026-09-03T20:56:48.198Z,37,false,associated,yes,husband,wife,yes,true,745,false
NPS9IR,touch,2026-09-03T20:56:48.198Z,38,false,nonword,no,thumber,basket,no,true,1053,false
NPS9IR,touch,2026-09-03T20:56:48.198Z,39,false,nonword,no,planet,kez,no,true,911,false
NPS9IR,touch,2026-09-03T20:56:48.198Z,40,false,associated,yes,day,night,yes,true,903,false
NPS9IR,touch,2026-09-03T20:56:48.198Z,41,false,nonword,no,plome,ladder,yes,false,979,false
NPS9IR,touch,2026-09-03T20:56:48.198Z,42,false,associated,yes,lock,key,yes,true,518,false
NPS9IR,touch,2026-09-03T20:56:48.198Z,43,false,unassociated,yes,hand,sock,yes,true,822,false
NPS9IR,touch,2026-09-03T20:56:48.198Z,44,false,nonword,no,narse,graib,no,true,815,false
NPS9IR,touch,2026-09-03T20:56:48.198Z,45,false,nonword,no,naight,flim,no,true,794,false
NPS9IR,touch,2026-09-03T20:56:48.198Z,46,false,associated,yes,bride,groom,yes,true,770,false
NPS9IR,touch,2026-09-03T20:56:48.198Z,47,false,unassociated,yes,mother,queen,yes,true,1020,false
NPS9IR,touch,2026-09-03T20:56:48.198Z,48,false,associated,yes,sun,moon,yes,true,952,false
NPS9IR,touch,2026-09-03T20:56:48.198Z,49,false,nonword,no,tunnel,mether,no,true,1152,false
NPS9IR,touch,2026-09-03T20:56:48.198Z,50,false,associated,yes,hot,cold,yes,true,581,false
NPS9IR,touch,2026-09-03T20:56:48.198Z,51,false,nonword,no,borl,hant,no,true,858,false
NPS9IR,touch,2026-09-03T20:56:48.198Z,52,false,associated,yes,spider,web,yes,true,827,false
NPS9IR,touch,2026-09-03T20:56:48.198Z,53,false,unassociated,yes,needle,nurse,yes,true,777,false
NPS9IR,touch,2026-09-03T20:56:48.198Z,54,false,associated,yes,boy,girl,yes,true,642,false
OG0MLA,desktop,2026-09-03T20:56:54.146Z,1,true,nonword,no,lamp,gorp,no,true,732,false
OG0MLA,desktop,2026-09-03T20:56:54.146Z,2,true,unassociated,yes,apple,door,yes,true,1199,false
OG0MLA,desktop,2026-09-03T20:56:54.146Z,3,true,associated,yes,north,south,yes,true,824,false
OG0MLA,desktop,2026-09-03T20:56:54.146Z,4,true,nonword,no,trink,house,no,true,1006,false
OG0MLA,desktop,2026-09-03T20:56:54.146Z,5,true,associated,yes,coffee,tea,yes,true,779,false
OG0MLA,desktop,2026-09-03T20:56:54.146Z,6,true,unassociated,yes,shirt,river,yes,true,961,false
OG0MLA,desktop,2026-09-03T20:56:54.146Z,7,false,unassociated,yes,hammer,web,yes,true,1374,false
OG0MLA,desktop,2026-09-03T20:56:54.146Z,8,false,associated,yes,salt,pepper,yes,true,532,false
OG0MLA,desktop,2026-09-03T20:56:54.146Z,9,false,nonword,no,groop,crade,no,true,1013,false
OG0MLA,desktop,2026-09-03T20:56:54.146Z,10,false,nonword,no,planet,sturn,no,true,961,false
OG0MLA,desktop,2026-09-03T20:56:54.146Z,11,false,nonword,no,scok,window,no,true,1052,false
OG0MLA,desktop,2026-09-03T20:56:54.146Z,12,false,unassociated,yes,mother,girl,yes,true,179,false
OG0MLA,desktop,2026-09-03T20:56:54.146Z,13,false,nonword,no,carpet,fonk,no,true,603,false
OG0MLA,desktop,2026-09-03T20:56:54.146Z,14,false,associated,yes,doctor,nurse,yes,true,802,false
OG0MLA,desktop,2026-09-03T20:56:54.146Z,15,false,nonword,no,tunnel,chaif,no,true,562,false
OG0MLA,desktop,2026-09-03T20:56:54.146Z,16,false,unassociated,yes,boy,dog,yes,true,728,false
OG0MLA,desktop,2026-09-03T20:56:54.146Z,17,false,nonword,no,kez,hant,no,true,1043,false
OG0MLA,desktop,2026-09-03T20:56:54.146Z,18,false,nonword,no,graib,dinner,no,true,770,false
OG0MLA,desktop,2026-09-03T20:56:54.146Z,19,false,associated,yes,black,white,yes,true,941,false
OG0MLA,desktop,2026-09-03T20:56:54.146Z,20,false,nonword,no,threed,jacket,no,true,840,false
OG0MLA,desktop,2026-09-03T20:56:54.146Z,21,false,nonword,no,letter,flim,no,true,903,false
OG0MLA,desktop,2026-09-03T20:56:54.146Z,22,false,unassociated,yes,king,moon,yes,true,1059,false
OG0MLA,desktop,2026-09-03T20:56:54.146Z,23,false,associated,yes,thunder,lightning,yes,true,620,false
OG0MLA,desktop,2026-09-03T20:56:54.146Z,24,false,nonword,no,cald,pencil,no,true,795,false
OG0MLA,desktop,2026-09-03T20:56:54.146Z,25,false,nonword,no,forest,plome,no,true,886,false
OG0MLA,desktop,2026-09-03T20:56:54.146Z,26,false,unassociated,yes,bride,butter,yes,true,742,false
OG0MLA,desktop,2026-09-03T20:56:54.146Z,27,false,associated,yes,day,night,yes,true,827,false
OG0MLA,desktop,2026-09-03T20:56:54.146Z,28,false,associated,yes,table,chair,yes,true,866,false
OG0MLA,desktop,2026-09-03T20:56:54.146Z,29,false,nonword,no,wibe,yellow,no,true,737,false
OG0MLA,desktop,2026-09-03T20:56:54.146Z,30,false,unassociated,yes,cat,father,yes,true,666,false
OG0MLA,desktop,2026-09-03T20:56:54.146Z,31,false,associated,yes,knife,fork,yes,true,636,false
OG0MLA,desktop,2026-09-03T20:56:54.146Z,32,false,nonword,no,mether,wab,no,true,989,false
OG0MLA,desktop,2026-09-03T20:56:54.146Z,33,false,unassociated,yes,shoe,groom,yes,true,721,false
OG0MLA,desktop,2026-09-03T20:56:54.146Z,34,false,nonword,no,pelper,silver,no,true,1018,false
OG0MLA,desktop,2026-09-03T20:56:54.146Z,35,false,unassociated,yes,spider,queen,yes,true,826,false
OG0MLA,desktop,2026-09-03T20:56:54.146Z,36,false,nonword,no,borl,saucel,no,true,748,false
OG0MLA,desktop,2026-09-03T20:56:54.146Z,37,false,associated,yes,cup,saucer,yes,true,1016,false
OG0MLA,desktop,2026-09-03T20:56:54.146Z,38,false,associated,yes,lock,key,yes,true,712,false
OG0MLA,desktop,2026-09-03T20:56:54.146Z,39,false,nonword,no,dorg,rocket,no,true,870,false
OG0MLA,desktop,2026-09-03T20:56:54.146Z,40,false,nonword,no,monkey,moin,no,true,1123,false
OG0MLA,desktop,2026-09-03T20:56:54.146Z,41,false,nonword,no,blick,naight,no,true,915,false
OG0MLA,desktop,2026-09-03T20:56:54.146Z,42,false,unassociated,yes,needle,foot,yes,true,551,false
OG0MLA,desktop,2026-09-03T20:56:54.146Z,43,false,nonword,no,music,vosk,no,true,913,false
OG0MLA,desktop,2026-09-03T20:56:54.146Z,44,false,nonword,no,pillow,paner,no,true,823,false
OG0MLA,desktop,2026-09-03T20:56:54.146Z,45,false,nonword,no,nammer,narse,no,true,1017,false
OG0MLA,desktop,2026-09-03T20:56:54.146Z,46,false,unassociated,yes,sun,thread,yes,true,726,false
OG0MLA,desktop,2026-09-03T20:56:54.146Z,47,false,nonword,no,quing,trell,no,true,896,false
OG0MLA,desktop,2026-09-03T20:56:54.146Z,48,false,associated,yes,pen,paper,yes,true,735,false
OG0MLA,desktop,2026-09-03T20:56:54.146Z,49,false,nonword,no,thumber,bottle,no,true,643,false
OG0MLA,desktop,2026-09-03T20:56:54.146Z,50,false,unassociated,yes,hand,sock,yes,true,660,false
OG0MLA,desktop,2026-09-03T20:56:54.146Z,51,false,associated,yes,hot,cold,yes,true,727,false
OG0MLA,desktop,2026-09-03T20:56:54.146Z,52,false,nonword,no,brend,darp,no,true,1120,false
OG0MLA,desktop,2026-09-03T20:56:54.146Z,53,false,associated,yes,husband,wife,yes,true,764,false
OG0MLA,desktop,2026-09-03T20:56:54.146Z,54,false,unassociated,yes,bread,nail,yes,true,830,false
P2SAP3,desktop,2026-09-03T20:58:05.569Z,1,true,nonword,no,trink,house,yes,false,870,false
P2SAP3,desktop,2026-09-03T20:58:05.569Z,2,true,unassociated,yes,apple,door,yes,true,848,false
P2SAP3,desktop,2026-09-03T20:58:05.569Z,3,true,associated,yes,north,south,yes,true,775,false
P2SAP3,desktop,2026-09-03T20:58:05.569Z,4,true,nonword,no,lamp,gorp,no,true,1262,false
P2SAP3,desktop,2026-09-03T20:58:05.569Z,5,true,unassociated,yes,shirt,river,yes,true,836,false
P2SAP3,desktop,2026-09-03T20:58:05.569Z,6,true,associated,yes,coffee,tea,yes,true,784,false
P2SAP3,desktop,2026-09-03T20:58:05.569Z,7,false,nonword,no,quing,wibe,no,true,781,false
P2SAP3,desktop,2026-09-03T20:58:05.569Z,8,false,nonword,no,trell,thumber,yes,false,972,false
P2SAP3,desktop,2026-09-03T20:58:05.569Z,9,false,unassociated,yes,hand,girl,yes,true,760,false
P2SAP3,desktop,2026-09-03T20:58:05.569Z,10,false,nonword,no,graib,ladder,no,true,768,false
P2SAP3,desktop,2026-09-03T20:58:05.569Z,11,false,unassociated,yes,king,father,yes,true,679,false
P2SAP3,desktop,2026-09-03T20:58:05.569Z,12,false,nonword,no,music,crade,no,true,912,false
P2SAP3,desktop,2026-09-03T20:58:05.569Z,13,false,nonword,no,brend,bottle,no,true,891,false
P2SAP3,desktop,2026-09-03T20:58:05.569Z,14,false,unassociated,yes,thunder,queen,yes,true,551,false
P2SAP3,desktop,2026-09-03T20:58:05.569Z,15,false,unassociated,yes,spider,sock,yes,true,607,false
P2SAP3,desktop,2026-09-03T20:58:05.569Z,16,false,nonword,no,kez,nammer,no,true,653,false
P2SAP3,desktop,2026-09-03T20:58:05.569Z,17,false,nonword,no,candle,blick,no,true,1117,false
P2SAP3,desktop,2026-09-03T20:58:05.569Z,18,false,associated,yes,cup,saucer,yes,true,556,false
P2SAP3,desktop,2026-09-03T20:58:05.569Z,19,false,unassociated,yes,salt,lightning,yes,true,786,false
P2SAP3,desktop,2026-09-03T20:58:05.569Z,20,false,nonword,no,plome,mether,no,true,832,false
P2SAP3,desktop,2026-09-03T20:58:05.569Z,21,false,nonword,no,darp,borl,no,true,846,false
P2SAP3,desktop,2026-09-03T20:58:05.569Z,22,false,nonword,no,wab,market,no,true,909,false
P2SAP3,desktop,2026-09-03T20:58:05.569Z,23,false,nonword,no,planet,saucel,no,true,861,false
P2SAP3,desktop,2026-09-03T20:58:05.569Z,24,false,associated,yes,table,chair,yes,true,509,false
P2SAP3,desktop,2026-09-03T20:58:05.569Z,25,false,nonword,no,vosk,rocket,no,true,756,false
P2SAP3,desktop,2026-09-03T20:58:05.569Z,26,false,nonword,no,hant,paner,no,true,818,false
P2SAP3,desktop,2026-09-03T20:58:05.569Z,27,false,unassociated,yes,mother,thread,yes,true,792,false
P2SAP3,desktop,2026-09-03T20:58:05.569Z,28,false,unassociated,yes,day,pepper,yes,true,639,false
P2SAP3,desktop,2026-09-03T20:58:05.569Z,29,false,nonword,no,wallet,threed,no,true,769,true
P2SAP3,desktop,2026-09-03T20:58:05.569Z,30,false,unassociated,yes,shoe,foot,no,false,728,false
P2SAP3,desktop,2026-09-03T20:58:05.569Z,31,false,associated,yes,hammer,nail,yes,true,927,false
P2SAP3,desktop,2026-09-03T20:58:05.569Z,32,false,unassociated,yes,bread,web,yes,true,753,false
P2SAP3,desktop,2026-09-03T20:58:05.569Z,33,false,unassociated,yes,husband,night,yes,true,640,false
P2SAP3,desktop,2026-09-03T20:58:05.569Z,34,false,nonword,no,groop,dorg,no,true,648,false
P2SAP3,desktop,2026-09-03T20:58:05.569Z,35,false,nonword,no,pelper,forest,no,true,820,false
P2SAP3,desktop,2026-09-03T20:58:05.569Z,36,false,nonword,no,jacket,sturn,yes,false,1030,false
P2SAP3,desktop,2026-09-03T20:58:05.569Z,37,false,nonword,no,engine,chaif,no,true,901,false
P2SAP3,desktop,2026-09-03T20:58:05.569Z,38,false,nonword,no,pillow,cald,yes,false,998,false
P2SAP3,desktop,2026-09-03T20:58:05.569Z,39,false,associated,yes,sun,moon,no,false,165,false
P2SAP3,desktop,2026-09-03T20:58:05.569Z,40,false,nonword,no,moin,tunnel,no,true,821,false
P2SAP3,desktop,2026-09-03T20:58:05.569Z,41,false,unassociated,yes,needle,wife,yes,true,729,false
P2SAP3,desktop,2026-09-03T20:58:05.569Z,42,false,nonword,no,naight,fonk,no,true,923,false
P2SAP3,desktop,2026-09-03T20:58:05.569Z,43,false,nonword,no,dinner,scok,no,true,791,false
P2SAP3,desktop,2026-09-03T20:58:05.569Z,44,false,associated,yes,knife,fork,no,false,783,false
P2SAP3,desktop,2026-09-03T20:58:05.569Z,45,false,nonword,no,flim,basket,yes,false,800,false
P2SAP3,desktop,2026-09-03T20:58:05.569Z,46,false,unassociated,yes,boy,butter,yes,true,714,false
P2SAP3,desktop,2026-09-03T20:58:05.569Z,47,false,associated,yes,black,white,yes,true,531,false
P2SAP3,desktop,2026-09-03T20:58:05.569Z,48,false,associated,yes,doctor,nurse,yes,true,563,false
P2SAP3,desktop,2026-09-03T20:58:05.569Z,49,false,associated,yes,cat,dog,yes,true,626,false
P2SAP3,desktop,2026-09-03T20:58:05.569Z,50,false,associated,yes,hot,cold,yes,true,634,false
P2SAP3,desktop,2026-09-03T20:58:05.569Z,51,false,associated,yes,bride,groom,yes,true,748,false
P2SAP3,desktop,2026-09-03T20:58:05.569Z,52,false,associated,yes,lock,key,yes,true,522,false
P2SAP3,desktop,2026-09-03T20:58:05.569Z,53,false,associated,yes,pen,paper,yes,true,778,false
P2SAP3,desktop,2026-09-03T20:58:05.569Z,54,false,nonword,no,narse,velvet,yes,false,862,false
Q410S7,desktop,2026-09-03T20:59:07.341Z,1,true,nonword,no,trink,house,no,true,1231,false
Q410S7,desktop,2026-09-03T20:59:07.341Z,2,true,unassociated,yes,apple,door,yes,true,874,false
Q410S7,desktop,2026-09-03T20:59:07.341Z,3,true,unassociated,yes,shirt,river,yes,true,596,false
Q410S7,desktop,2026-09-03T20:59:07.341Z,4,true,associated,yes,coffee,tea,yes,true,681,false
Q410S7,desktop,2026-09-03T20:59:07.341Z,5,true,nonword,no,lamp,gorp,yes,false,174,false
Q410S7,desktop,2026-09-03T20:59:07.341Z,6,true,associated,yes,north,south,yes,true,485,false
Q410S7,desktop,2026-09-03T20:59:07.341Z,7,false,unassociated,yes,shoe,pepper,yes,true,1224,false
Q410S7,desktop,2026-09-03T20:59:07.341Z,8,false,associated,yes,needle,thread,yes,true,717,false
Q410S7,desktop,2026-09-03T20:59:07.341Z,9,false,nonword,no,flim,planet,no,true,800,false
Q410S7,desktop,2026-09-03T20:59:07.341Z,10,false,associated,yes,table,chair,yes,true,974,false
Q410S7,desktop,2026-09-03T20:59:07.341Z,11,false,associated,yes,black,white,yes,true,522,false
Q410S7,desktop,2026-09-03T20:59:07.341Z,12,false,associated,yes,spider,web,yes,true,536,false
Q410S7,desktop,2026-09-03T20:59:07.341Z,13,false,unassociated,yes,cup,paper,no,false,598,false
Q410S7,desktop,2026-09-03T20:59:07.341Z,14,false,unassociated,yes,boy,nurse,yes,true,580,false
Q410S7,desktop,2026-09-03T20:59:07.341Z,15,false,unassociated,yes,hot,saucer,yes,true,716,false
Q410S7,desktop,2026-09-03T20:59:07.341Z,16,false,unassociated,yes,hand,dog,yes,true,695,false
Q410S7,desktop,2026-09-03T20:59:07.341Z,17,false,nonword,no,moin,tunnel,no,true,1061,false
Q410S7,desktop,2026-09-03T20:59:07.341Z,18,false,associated,yes,lock,key,yes,true,853,false
Q410S7,desktop,2026-09-03T20:59:07.341Z,19,false,nonword,no,thumber,wibe,no,true,918,false
Q410S7,desktop,2026-09-03T20:59:07.341Z,20,false,unassociated,yes,knife,foot,yes,true,652,false
Q410S7,desktop,2026-09-03T20:59:07.341Z,21,false,nonword,no,bottle,quing,no,true,933,false
Q410S7,desktop,2026-09-03T20:59:07.341Z,22,false,unassociated,yes,pen,cold,no,false,793,false
Q410S7,desktop,2026-09-03T20:59:07.341Z,23,false,nonword,no,pelper,darp,no,true,746,false
Q410S7,desktop,2026-09-03T20:59:07.341Z,24,false,associated,yes,mother,father,yes,true,449,false
Q410S7,desktop,2026-09-03T20:59:07.341Z,25,false,unassociated,yes,doctor,girl,yes,true,156,false
Q410S7,desktop,2026-09-03T20:59:07.341Z,26,false,nonword,no,brend,yellow,no,true,724,false
Q410S7,desktop,2026-09-03T20:59:07.341Z,27,false,nonword,no,jacket,fonk,no,true,684,false
Q410S7,desktop,2026-09-03T20:59:07.341Z,28,false,unassociated,yes,king,fork,yes,true,705,false
Q410S7,desktop,2026-09-03T20:59:07.341Z,29,false,nonword,no,graib,dinner,no,true,737,false
Q410S7,desktop,2026-09-03T20:59:07.341Z,30,false,unassociated,yes,cat,moon,yes,true,715,false
Q410S7,desktop,2026-09-03T20:59:07.341Z,31,false,associated,yes,day,night,yes,true,454,false
Q410S7,desktop,2026-09-03T20:59:07.341Z,32,false,nonword,no,pillow,chaif,no,true,896,false
Q410S7,desktop,2026-09-03T20:59:07.341Z,33,false,associated,yes,bread,butter,yes,true,736,false
Q410S7,desktop,2026-09-03T20:59:07.341Z,34,false,nonword,no,plome,forest,no,true,870,false
Q410S7,desktop,2026-09-03T20:59:07.341Z,35,false,nonword,no,crade,paner,no,true,998,false
Q410S7,desktop,2026-09-03T20:59:07.341Z,36,false,nonword,no,carpet,dorg,no,true,782,false
Q410S7,desktop,2026-09-03T20:59:07.341Z,37,false,nonword,no,sturn,letter,yes,false,849,true
Q410S7,desktop,2026-09-03T20:59:07.341Z,38,false,associated,yes,husband,wife,yes,true,697,false
Q410S7,desktop,2026-09-03T20:59:07.341Z,39,false,nonword,no,monkey,borl,no,true,867,false
Q410S7,desktop,2026-09-03T20:59:07.341Z,40,false,nonword,no,garden,groop,no,true,924,false
Q410S7,desktop,2026-09-03T20:59:07.341Z,41,false,nonword,no,narse,mether,no,true,771,false
Q410S7,desktop,2026-09-03T20:59:07.341Z,42,false,nonword,no,wab,wallet,no,true,654,false
Q410S7,desktop,2026-09-03T20:59:07.341Z,43,false,unassociated,yes,salt,queen,yes,true,494,false
Q410S7,desktop,2026-09-03T20:59:07.341Z,44,false,nonword,no,cald,music,no,true,645,false
Q410S7,desktop,2026-09-03T20:59:07.341Z,45,false,associated,yes,thunder,lightning,yes,true,669,false
Q410S7,desktop,2026-09-03T20:59:07.341Z,46,false,nonword,no,ladder,hant,no,true,798,false
Q410S7,desktop,2026-09-03T20:59:07.341Z,47,false,associated,yes,hammer,nail,yes,true,772,false
Q410S7,desktop,2026-09-03T20:59:07.341Z,48,false,nonword,no,trell,kez,no,true,1057,false
Q410S7,desktop,2026-09-03T20:59:07.341Z,49,false,unassociated,yes,sun,sock,yes,true,611,false
Q410S7,desktop,2026-09-03T20:59:07.341Z,50,false,nonword,no,saucel,threed,no,true,1005,false
Q410S7,desktop,2026-09-03T20:59:07.341Z,51,false,associated,yes,bride,groom,yes,true,738,false
Q410S7,desktop,2026-09-03T20:59:07.341Z,52,false,nonword,no,rocket,blick,no,true,1109,false
Q410S7,desktop,2026-09-03T20:59:07.341Z,53,false,nonword,no,naight,nammer,no,true,769,false
Q410S7,desktop,2026-09-03T20:59:07.341Z,54,false,nonword,no,scok,vosk,no,true,888,false
R8N7XD,touch,2026-09-03T21:02:53.358Z,1,true,unassociated,yes,shirt,river,yes,true,712,false
R8N7XD,touch,2026-09-03T21:02:53.358Z,2,true,associated,yes,coffee,tea,yes,true,5822,false
R8N7XD,touch,2026-09-03T21:02:53.358Z,3,true,nonword,no,trink,house,no,true,1022,false
R8N7XD,touch,2026-09-03T21:02:53.358Z,4,true,associated,yes,north,south,yes,true,936,false
R8N7XD,touch,2026-09-03T21:02:53.358Z,5,true,unassociated,yes,apple,door,yes,true,953,false
R8N7XD,touch,2026-09-03T21:02:53.358Z,6,true,nonword,no,lamp,gorp,no,true,1087,false
R8N7XD,touch,2026-09-03T21:02:53.358Z,7,false,associated,yes,husband,wife,yes,true,599,false
R8N7XD,touch,2026-09-03T21:02:53.358Z,8,false,associated,yes,hammer,nail,yes,true,705,false
R8N7XD,touch,2026-09-03T21:02:53.358Z,9,false,nonword,no,borl,market,no,true,882,false
R8N7XD,touch,2026-09-03T21:02:53.358Z,10,false,nonword,no,pencil,scok,no,true,1157,false
R8N7XD,touch,2026-09-03T21:02:53.358Z,11,false,nonword,no,saucel,paner,no,true,810,false
R8N7XD,touch,2026-09-03T21:02:53.358Z,12,false,nonword,no,vosk,wab,no,true,745,false
R8N7XD,touch,2026-09-03T21:02:53.358Z,13,false,nonword,no,wallet,kez,no,true,740,false
R8N7XD,touch,2026-09-03T21:02:53.358Z,14,false,unassociated,yes,needle,butter,yes,true,926,false
R8N7XD,touch,2026-09-03T21:02:53.358Z,15,false,unassociated,yes,spider,paper,yes,true,841,false
R8N7XD,touch,2026-09-03T21:02:53.358Z,16,false,unassociated,yes,boy,saucer,yes,true,1153,false
R8N7XD,touch,2026-09-03T21:02:53.358Z,17,false,nonword,no,window,thumber,no,true,1017,false
R8N7XD,touch,2026-09-03T21:02:53.358Z,18,false,associated,yes,salt,pepper,yes,true,941,false
R8N7XD,touch,2026-09-03T21:02:53.358Z,19,false,unassociated,yes,mother,dog,yes,true,949,false
R8N7XD,touch,2026-09-03T21:02:53.358Z,20,false,associated,yes,lock,key,yes,true,597,false
R8N7XD,touch,2026-09-03T21:02:53.358Z,21,false,nonword,no,graib,silver,no,true,899,false
R8N7XD,touch,2026-09-03T21:02:53.358Z,22,false,nonword,no,threed,crade,no,true,839,false
R8N7XD,touch,2026-09-03T21:02:53.358Z,23,false,nonword,no,trell,darp,no,true,915,false
R8N7XD,touch,2026-09-03T21:02:53.358Z,24,false,unassociated,yes,table,girl,yes,true,4501,false
R8N7XD,touch,2026-09-03T21:02:53.358Z,25,false,nonword,no,groop,sturn,no,true,796,false
R8N7XD,touch,2026-09-03T21:02:53.358Z,26,false,unassociated,yes,pen,white,yes,true,873,false
R8N7XD,touch,2026-09-03T21:02:53.358Z,27,false,unassociated,yes,bread,thread,yes,true,989,false
R8N7XD,touch,2026-09-03T21:02:53.358Z,28,false,associated,yes,bride,groom,yes,true,641,false
R8N7XD,touch,2026-09-03T21:02:53.358Z,29,false,associated,yes,hand,foot,yes,true,734,false
R8N7XD,touch,2026-09-03T21:02:53.358Z,30,false,nonword,no,naight,music,no,true,1168,false
R8N7XD,touch,2026-09-03T21:02:53.358Z,31,false,associated,yes,king,queen,yes,true,799,false
R8N7XD,touch,2026-09-03T21:02:53.358Z,32,false,associated,yes,doctor,nurse,no,false,1255,false
R8N7XD,touch,2026-09-03T21:02:53.358Z,33,false,nonword,no,jacket,quing,no,true,755,false
R8N7XD,touch,2026-09-03T21:02:53.358Z,34,false,associated,yes,thunder,lightning,no,false,766,false
R8N7XD,touch,2026-09-03T21:02:53.358Z,35,false,nonword,no,nammer,pelper,no,true,867,false
R8N7XD,touch,2026-09-03T21:02:53.358Z,36,false,nonword,no,yellow,brend,no,true,921,false
R8N7XD,touch,2026-09-03T21:02:53.358Z,37,false,nonword,no,plome,hant,no,true,1063,false
R8N7XD,touch,2026-09-03T21:02:53.358Z,38,false,unassociated,yes,cup,chair,yes,true,771,false
R8N7XD,touch,2026-09-03T21:02:53.358Z,39,false,nonword,no,letter,mether,no,true,1011,false
R8N7XD,touch,2026-09-03T21:02:53.358Z,40,false,unassociated,yes,knife,father,yes,true,574,false
R8N7XD,touch,2026-09-03T21:02:53.358Z,41,false,associated,yes,day,night,yes,true,664,false
R8N7XD,touch,2026-09-03T21:02:53.358Z,42,false,nonword,no,pillow,moin,no,true,916,false
R8N7XD,touch,2026-09-03T21:02:53.358Z,43,false,associated,yes,hot,cold,no,false,589,false
R8N7XD,touch,2026-09-03T21:02:53.358Z,44,false,unassociated,yes,black,web,yes,true,1196,false
R8N7XD,touch,2026-09-03T21:02:53.358Z,45,false,nonword,no,narse,candle,no,true,670,false
R8N7XD,touch,2026-09-03T21:02:53.358Z,46,false,nonword,no,fonk,garden,no,true,958,false
R8N7XD,touch,2026-09-03T21:02:53.358Z,47,false,unassociated,yes,cat,moon,yes,true,824,false
R8N7XD,touch,2026-09-03T21:02:53.358Z,48,false,nonword,no,ladder,cald,no,true,928,false
R8N7XD,touch,2026-09-03T21:02:53.358Z,49,false,nonword,no,wibe,blick,no,true,707,false
R8N7XD,touch,2026-09-03T21:02:53.358Z,50,false,associated,yes,shoe,sock,yes,true,754,false
R8N7XD,touch,2026-09-03T21:02:53.358Z,51,false,nonword,no,dorg,monkey,no,true,1489,false
R8N7XD,touch,2026-09-03T21:02:53.358Z,52,false,unassociated,yes,sun,fork,yes,true,930,false
R8N7XD,touch,2026-09-03T21:02:53.358Z,53,false,nonword,no,flim,basket,no,true,983,false
R8N7XD,touch,2026-09-03T21:02:53.358Z,54,false,nonword,no,chaif,velvet,yes,false,854,false
ROQ33S,desktop,2026-09-03T21:04:07.821Z,1,true,unassociated,yes,shirt,river,no,false,781,false
ROQ33S,desktop,2026-09-03T21:04:07.821Z,2,true,associated,yes,coffee,tea,yes,true,581,false
ROQ33S,desktop,2026-09-03T21:04:07.821Z,3,true,associated,yes,north,south,yes,true,803,false
ROQ33S,desktop,2026-09-03T21:04:07.821Z,4,true,nonword,no,trink,house,no,true,980,false
ROQ33S,desktop,2026-09-03T21:04:07.821Z,5,true,unassociated,yes,apple,door,yes,true,870,false
ROQ33S,desktop,2026-09-03T21:04:07.821Z,6,true,nonword,no,lamp,gorp,no,true,1034,false
ROQ33S,desktop,2026-09-03T21:04:07.821Z,7,false,associated,yes,pen,paper,yes,true,702,false
ROQ33S,desktop,2026-09-03T21:04:07.821Z,8,false,associated,yes,black,white,yes,true,970,false
ROQ33S,desktop,2026-09-03T21:04:07.821Z,9,false,unassociated,yes,needle,foot,yes,true,694,false
ROQ33S,desktop,2026-09-03T21:04:07.821Z,10,false,unassociated,yes,knife,butter,yes,true,880,false
ROQ33S,desktop,2026-09-03T21:04:07.821Z,11,false,associated,yes,boy,girl,yes,true,810,false
ROQ33S,desktop,2026-09-03T21:04:07.821Z,12,false,nonword,no,vosk,wallet,yes,false,681,false
ROQ33S,desktop,2026-09-03T21:04:07.821Z,13,false,unassociated,yes,day,wife,yes,true,774,false
ROQ33S,desktop,2026-09-03T21:04:07.821Z,14,false,nonword,no,flim,trell,no,true,1153,false
ROQ33S,desktop,2026-09-03T21:04:07.821Z,15,false,nonword,no,velvet,dorg,no,true,777,false
ROQ33S,desktop,2026-09-03T21:04:07.821Z,16,false,unassociated,yes,hand,pepper,yes,true,742,false
ROQ33S,desktop,2026-09-03T21:04:07.821Z,17,false,unassociated,yes,husband,chair,yes,true,983,true
ROQ33S,desktop,2026-09-03T21:04:07.821Z,18,false,unassociated,yes,bread,thread,yes,true,957,false
ROQ33S,desktop,2026-09-03T21:04:07.821Z,19,false,nonword,no,market,saucel,no,true,755,false
ROQ33S,desktop,2026-09-03T21:04:07.821Z,20,false,associated,yes,cat,dog,yes,true,1089,false
ROQ33S,desktop,2026-09-03T21:04:07.821Z,21,false,nonword,no,hant,rocket,no,true,905,false
ROQ33S,desktop,2026-09-03T21:04:07.821Z,22,false,nonword,no,pelper,basket,no,true,775,false
ROQ33S,desktop,2026-09-03T21:04:07.821Z,23,false,nonword,no,paner,thumber,no,true,1025,false
ROQ33S,desktop,2026-09-03T21:04:07.821Z,24,false,associated,yes,sun,moon,yes,true,1089,false
ROQ33S,desktop,2026-09-03T21:04:07.821Z,25,false,associated,yes,shoe,sock,yes,true,1150,false
ROQ33S,desktop,2026-09-03T21:04:07.821Z,26,false,associated,yes,thunder,lightning,yes,true,791,false
ROQ33S,desktop,2026-09-03T21:04:07.821Z,27,false,nonword,no,cald,graib,,false,,false
ROQ33S,desktop,2026-09-03T21:04:07.821Z,28,false,unassociated,yes,spider,cold,yes,true,729,false
ROQ33S,desktop,2026-09-03T21:04:07.821Z,29,false,unassociated,yes,table,father,yes,true,898,false
ROQ33S,desktop,2026-09-03T21:04:07.821Z,30,false,associated,yes,king,queen,yes,true,704,false
ROQ33S,desktop,2026-09-03T21:04:07.821Z,31,false,associated,yes,cup,saucer,yes,true,680,false
ROQ33S,desktop,2026-09-03T21:04:07.821Z,32,false,associated,yes,doctor,nurse,yes,true,730,false
ROQ33S,desktop,2026-09-03T21:04:07.821Z,33,false,nonword,no,garden,nammer,no,true,1425,false
ROQ33S,desktop,2026-09-03T21:04:07.821Z,34,false,nonword,no,chaif,letter,yes,false,895,false
ROQ33S,desktop,2026-09-03T21:04:07.821Z,35,false,associated,yes,hammer,nail,yes,true,796,false
ROQ33S,desktop,2026-09-03T21:04:07.821Z,36,false,nonword,no,carpet,wab,no,true,1000,false
ROQ33S,desktop,2026-09-03T21:04:07.821Z,37,false,nonword,no,planet,sturn,no,true,753,false
ROQ33S,desktop,2026-09-03T21:04:07.821Z,38,false,unassociated,yes,salt,fork,yes,true,821,false
ROQ33S,desktop,2026-09-03T21:04:07.821Z,39,false,nonword,no,bottle,blick,no,true,1023,false
ROQ33S,desktop,2026-09-03T21:04:07.821Z,40,false,nonword,no,dinner,darp,no,true,707,false
ROQ33S,desktop,2026-09-03T21:04:07.821Z,41,false,nonword,no,moin,silver,no,true,1018,false
ROQ33S,desktop,2026-09-03T21:04:07.821Z,42,false,nonword,no,scok,borl,no,true,989,false
ROQ33S,desktop,2026-09-03T21:04:07.821Z,43,false,unassociated,yes,hot,groom,yes,true,779,false
ROQ33S,desktop,2026-09-03T21:04:07.821Z,44,false,nonword,no,wibe,fonk,no,true,767,false
ROQ33S,desktop,2026-09-03T21:04:07.821Z,45,false,nonword,no,brend,jacket,yes,false,1072,false
ROQ33S,desktop,2026-09-03T21:04:07.821Z,46,false,nonword,no,kez,tunnel,no,true,758,false
ROQ33S,desktop,2026-09-03T21:04:07.821Z,47,false,unassociated,yes,mother,web,yes,true,716,false
ROQ33S,desktop,2026-09-03T21:04:07.821Z,48,false,nonword,no,narse,forest,no,true,865,false
ROQ33S,desktop,2026-09-03T21:04:07.821Z,49,false,associated,yes,lock,key,yes,true,811,false
ROQ33S,desktop,2026-09-03T21:04:07.821Z,50,false,nonword,no,yellow,quing,yes,false,777,false
ROQ33S,desktop,2026-09-03T21:04:07.821Z,51,false,unassociated,yes,bride,night,yes,true,992,false
ROQ33S,desktop,2026-09-03T21:04:07.821Z,52,false,nonword,no,naight,groop,no,true,836,false
ROQ33S,desktop,2026-09-03T21:04:07.821Z,53,false,nonword,no,plome,crade,yes,false,745,false
ROQ33S,desktop,2026-09-03T21:04:07.821Z,54,false,nonword,no,threed,mether,no,true,584,false
S3ES0N,touch,2026-09-03T21:04:50.726Z,1,true,unassociated,yes,apple,door,yes,true,1010,false
S3ES0N,touch,2026-09-03T21:04:50.726Z,2,true,associated,yes,coffee,tea,yes,true,714,false
S3ES0N,touch,2026-09-03T21:04:50.726Z,3,true,associated,yes,north,south,yes,true,881,false
S3ES0N,touch,2026-09-03T21:04:50.726Z,4,true,nonword,no,trink,house,no,true,946,false
S3ES0N,touch,2026-09-03T21:04:50.726Z,5,true,unassociated,yes,shirt,river,yes,true,965,false
S3ES0N,touch,2026-09-03T21:04:50.726Z,6,true,nonword,no,lamp,gorp,no,true,1487,false
S3ES0N,touch,2026-09-03T21:04:50.726Z,7,false,unassociated,yes,cup,nail,yes,true,892,false
S3ES0N,touch,2026-09-03T21:04:50.726Z,8,false,nonword,no,moin,scok,no,true,801,false
S3ES0N,touch,2026-09-03T21:04:50.726Z,9,false,nonword,no,yellow,blick,no,true,1027,false
S3ES0N,touch,2026-09-03T21:04:50.726Z,10,false,unassociated,yes,salt,saucer,yes,true,759,false
S3ES0N,touch,2026-09-03T21:04:50.726Z,11,false,nonword,no,borl,engine,no,true,1119,false
S3ES0N,touch,2026-09-03T21:04:50.726Z,12,false,nonword,no,vosk,bottle,no,true,924,false
S3ES0N,touch,2026-09-03T21:04:50.726Z,13,false,associated,yes,table,chair,yes,true,828,false
S3ES0N,touch,2026-09-03T21:04:50.726Z,14,false,unassociated,yes,thunder,thread,yes,true,1190,false
S3ES0N,touch,2026-09-03T21:04:50.726Z,15,false,nonword,no,ladder,fonk,,false,,false
S3ES0N,touch,2026-09-03T21:04:50.726Z,16,false,associated,yes,hand,foot,yes,true,891,false
S3ES0N,touch,2026-09-03T21:04:50.726Z,17,false,nonword,no,flim,paner,no,true,1027,false
S3ES0N,touch,2026-09-03T21:04:50.726Z,18,false,nonword,no,sturn,crade,no,true,940,false
S3ES0N,touch,2026-09-03T21:04:50.726Z,19,false,nonword,no,monkey,trell,no,true,883,false
S3ES0N,touch,2026-09-03T21:04:50.726Z,20,false,unassociated,yes,doctor,lightning,no,false,1003,false
S3ES0N,touch,2026-09-03T21:04:50.726Z,21,false,nonword,no,wallet,plome,no,true,1140,false
S3ES0N,touch,2026-09-03T21:04:50.726Z,22,false,nonword,no,darp,carpet,no,true,780,false
S3ES0N,touch,2026-09-03T21:04:50.726Z,23,false,associated,yes,bread,butter,yes,true,715,false
S3ES0N,touch,2026-09-03T21:04:50.726Z,24,false,associated,yes,pen,paper,yes,true,833,false
S3ES0N,touch,2026-09-03T21:04:50.726Z,25,false,associated,yes,day,night,yes,true,620,false
S3ES0N,touch,2026-09-03T21:04:50.726Z,26,false,nonword,no,kez,wab,no,true,1075,false
S3ES0N,touch,2026-09-03T21:04:50.726Z,27,false,nonword,no,graib,market,no,true,845,false
S3ES0N,touch,2026-09-03T21:04:50.726Z,28,false,associated,yes,shoe,sock,no,false,1025,false
S3ES0N,touch,2026-09-03T21:04:50.726Z,29,false,nonword,no,garden,quing,no,true,90,false
S3ES0N,touch,2026-09-03T21:04:50.726Z,30,false,unassociated,yes,spider,wife,yes,true,971,false
S3ES0N,touch,2026-09-03T21:04:50.726Z,31,false,associated,yes,boy,girl,yes,true,729,false
S3ES0N,touch,2026-09-03T21:04:50.726Z,32,false,nonword,no,saucel,forest,no,true,753,false
S3ES0N,touch,2026-09-03T21:04:50.726Z,33,false,unassociated,yes,sun,dog,yes,true,845,false
S3ES0N,touch,2026-09-03T21:04:50.726Z,34,false,nonword,no,naight,letter,no,true,157,false
S3ES0N,touch,2026-09-03T21:04:50.726Z,35,false,nonword,no,narse,velvet,no,true,1089,false
S3ES0N,touch,2026-09-03T21:04:50.726Z,36,false,nonword,no,chaif,nammer,no,true,1054,false
S3ES0N,touch,2026-09-03T21:04:50.726Z,37,false,nonword,no,hant,thumber,no,true,790,false
S3ES0N,touch,2026-09-03T21:04:50.726Z,38,false,associated,yes,king,queen,yes,true,942,false
S3ES0N,touch,2026-09-03T21:04:50.726Z,39,false,unassociated,yes,knife,web,yes,true,680,false
S3ES0N,touch,2026-09-03T21:04:50.726Z,40,false,nonword,no,brend,window,no,true,848,false
S3ES0N,touch,2026-09-03T21:04:50.726Z,41,false,nonword,no,rocket,dorg,yes,false,1035,false
S3ES0N,touch,2026-09-03T21:04:50.726Z,42,false,unassociated,yes,cat,pepper,yes,true,865,false
S3ES0N,touch,2026-09-03T21:04:50.726Z,43,false,associated,yes,mother,father,yes,true,772,false
S3ES0N,touch,2026-09-03T21:04:50.726Z,44,false,nonword,no,silver,groop,no,true,780,false
S3ES0N,touch,2026-09-03T21:04:50.726Z,45,false,unassociated,yes,husband,moon,yes,true,841,false
S3ES0N,touch,2026-09-03T21:04:50.726Z,46,false,associated,yes,hot,cold,yes,true,819,false
S3ES0N,touch,2026-09-03T21:04:50.726Z,47,false,unassociated,yes,needle,groom,yes,true,773,false
S3ES0N,touch,2026-09-03T21:04:50.726Z,48,false,associated,yes,lock,key,yes,true,846,false
S3ES0N,touch,2026-09-03T21:04:50.726Z,49,false,nonword,no,music,threed,no,true,811,false
S3ES0N,touch,2026-09-03T21:04:50.726Z,50,false,unassociated,yes,bride,fork,yes,true,666,false
S3ES0N,touch,2026-09-03T21:04:50.726Z,51,false,nonword,no,cald,wibe,no,true,1039,false
S3ES0N,touch,2026-09-03T21:04:50.726Z,52,false,unassociated,yes,hammer,nurse,yes,true,930,false
S3ES0N,touch,2026-09-03T21:04:50.726Z,53,false,nonword,no,pelper,mether,no,true,1064,false
S3ES0N,touch,2026-09-03T21:04:50.726Z,54,false,associated,yes,black,white,yes,true,809,false
UNGL7N,desktop,2026-09-03T21:06:58.426Z,1,true,unassociated,yes,shirt,river,yes,true,969,false
UNGL7N,desktop,2026-09-03T21:06:58.426Z,2,true,nonword,no,lamp,gorp,no,true,743,false
UNGL7N,desktop,2026-09-03T21:06:58.426Z,3,true,unassociated,yes,apple,door,yes,true,758,false
UNGL7N,desktop,2026-09-03T21:06:58.426Z,4,true,associated,yes,north,south,yes,true,656,false
UNGL7N,desktop,2026-09-03T21:06:58.426Z,5,true,associated,yes,coffee,tea,yes,true,728,false
UNGL7N,desktop,2026-09-03T21:06:58.426Z,6,true,nonword,no,trink,house,no,true,1161,false
UNGL7N,desktop,2026-09-03T21:06:58.426Z,7,false,associated,yes,king,queen,yes,true,745,false
UNGL7N,desktop,2026-09-03T21:06:58.426Z,8,false,nonword,no,candle,plome,no,true,702,false
UNGL7N,desktop,2026-09-03T21:06:58.426Z,9,false,unassociated,yes,bride,butter,yes,true,1009,false
UNGL7N,desktop,2026-09-03T21:06:58.426Z,10,false,associated,yes,needle,thread,yes,true,543,false
UNGL7N,desktop,2026-09-03T21:06:58.426Z,11,false,nonword,no,hant,pillow,no,true,747,false
UNGL7N,desktop,2026-09-03T21:06:58.426Z,12,false,nonword,no,blick,monkey,no,true,801,false
UNGL7N,desktop,2026-09-03T21:06:58.426Z,13,false,nonword,no,paner,basket,no,true,912,false
UNGL7N,desktop,2026-09-03T21:06:58.426Z,14,false,unassociated,yes,doctor,girl,yes,true,738,false
UNGL7N,desktop,2026-09-03T21:06:58.426Z,15,false,nonword,no,engine,pelper,no,true,890,false
UNGL7N,desktop,2026-09-03T21:06:58.426Z,16,false,nonword,no,flim,threed,no,true,1158,false
UNGL7N,desktop,2026-09-03T21:06:58.426Z,17,false,associated,yes,husband,wife,yes,true,587,false
UNGL7N,desktop,2026-09-03T21:06:58.426Z,18,false,nonword,no,window,graib,no,true,855,false
UNGL7N,desktop,2026-09-03T21:06:58.426Z,19,false,nonword,no,saucel,letter,no,true,715,false
UNGL7N,desktop,2026-09-03T21:06:58.426Z,20,false,unassociated,yes,hand,groom,yes,true,801,false
UNGL7N,desktop,2026-09-03T21:06:58.426Z,21,false,unassociated,yes,knife,moon,yes,true,788,false
UNGL7N,desktop,2026-09-03T21:06:58.426Z,22,false,nonword,no,velvet,scok,no,true,904,false
UNGL7N,desktop,2026-09-03T21:06:58.426Z,23,false,nonword,no,rocket,moin,no,true,674,false
UNGL7N,desktop,2026-09-03T21:06:58.426Z,24,false,nonword,no,crade,thumber,no,true,828,false
UNGL7N,desktop,2026-09-03T21:06:58.426Z,25,false,nonword,no,groop,dorg,no,true,1165,false
UNGL7N,desktop,2026-09-03T21:06:58.426Z,26,false,nonword,no,nammer,borl,no,true,1321,false
UNGL7N,desktop,2026-09-03T21:06:58.426Z,27,false,nonword,no,mether,brend,no,true,971,false
UNGL7N,desktop,2026-09-03T21:06:58.426Z,28,false,nonword,no,vosk,cald,no,true,1224,false
UNGL7N,desktop,2026-09-03T21:06:58.426Z,29,false,unassociated,yes,shoe,white,yes,true,797,false
UNGL7N,desktop,2026-09-03T21:06:58.426Z,30,false,unassociated,yes,cat,chair,yes,true,765,false
UNGL7N,desktop,2026-09-03T21:06:58.426Z,31,false,unassociated,yes,hot,fork,yes,true,655,false
UNGL7N,desktop,2026-09-03T21:06:58.426Z,32,false,nonword,no,chaif,silver,no,true,821,false
UNGL7N,desktop,2026-09-03T21:06:58.426Z,33,false,associated,yes,cup,saucer,yes,true,1013,false
UNGL7N,desktop,2026-09-03T21:06:58.426Z,34,false,nonword,no,wallet,sturn,no,true,883,false
UNGL7N,desktop,2026-09-03T21:06:58.426Z,35,false,associated,yes,lock,key,yes,true,666,true
UNGL7N,desktop,2026-09-03T21:06:58.426Z,36,false,associated,yes,thunder,lightning,no,false,186,false
UNGL7N,desktop,2026-09-03T21:06:58.426Z,37,false,unassociated,yes,table,dog,yes,true,683,false
UNGL7N,desktop,2026-09-03T21:06:58.426Z,38,false,nonword,no,dinner,wab,no,true,522,false
UNGL7N,desktop,2026-09-03T21:06:58.426Z,39,false,nonword,no,quing,ladder,no,true,768,false
UNGL7N,desktop,2026-09-03T21:06:58.426Z,40,false,nonword,no,carpet,narse,no,true,699,false
UNGL7N,desktop,2026-09-03T21:06:58.426Z,41,false,associated,yes,spider,web,yes,true,747,false
UNGL7N,desktop,2026-09-03T21:06:58.426Z,42,false,associated,yes,day,night,yes,true,492,false
UNGL7N,desktop,2026-09-03T21:06:58.426Z,43,false,nonword,no,kez,fonk,no,true,796,false
UNGL7N,desktop,2026-09-03T21:06:58.426Z,44,false,nonword,no,darp,trell,no,true,576,false
UNGL7N,desktop,2026-09-03T21:06:58.426Z,45,false,unassociated,yes,boy,sock,yes,true,491,false
UNGL7N,desktop,2026-09-03T21:06:58.426Z,46,false,associated,yes,salt,pepper,yes,true,774,false
UNGL7N,desktop,2026-09-03T21:06:58.426Z,47,false,associated,yes,mother,father,yes,true,586,false
UNGL7N,desktop,2026-09-03T21:06:58.426Z,48,false,unassociated,yes,sun,cold,no,false,740,true
UNGL7N,desktop,2026-09-03T21:06:58.426Z,49,false,nonword,no,naight,pencil,no,true,703,false
UNGL7N,desktop,2026-09-03T21:06:58.426Z,50,false,associated,yes,hammer,nail,yes,true,810,false
UNGL7N,desktop,2026-09-03T21:06:58.426Z,51,false,associated,yes,pen,paper,yes,true,816,false
UNGL7N,desktop,2026-09-03T21:06:58.426Z,52,false,unassociated,yes,black,foot,yes,true,605,false
UNGL7N,desktop,2026-09-03T21:06:58.426Z,53,false,unassociated,yes,bread,nurse,yes,true,900,false
UNGL7N,desktop,2026-09-03T21:06:58.426Z,54,false,nonword,no,wibe,planet,no,true,984,false
WN630Q,desktop,2026-09-03T21:08:31.082Z,1,true,associated,yes,coffee,tea,yes,true,971,false
WN630Q,desktop,2026-09-03T21:08:31.082Z,2,true,associated,yes,north,south,yes,true,751,false
WN630Q,desktop,2026-09-03T21:08:31.082Z,3,true,unassociated,yes,shirt,river,yes,true,906,false
WN630Q,desktop,2026-09-03T21:08:31.082Z,4,true,nonword,no,lamp,gorp,no,true,1007,false
WN630Q,desktop,2026-09-03T21:08:31.082Z,5,true,unassociated,yes,apple,door,yes,true,1020,false
WN630Q,desktop,2026-09-03T21:08:31.082Z,6,true,nonword,no,trink,house,no,true,1026,false
WN630Q,desktop,2026-09-03T21:08:31.082Z,7,false,associated,yes,needle,thread,yes,true,934,false
WN630Q,desktop,2026-09-03T21:08:31.082Z,8,false,nonword,no,music,saucel,no,true,793,false
WN630Q,desktop,2026-09-03T21:08:31.082Z,9,false,nonword,no,narse,paner,no,true,827,false
WN630Q,desktop,2026-09-03T21:08:31.082Z,10,false,associated,yes,day,night,no,false,692,false
WN630Q,desktop,2026-09-03T21:08:31.082Z,11,false,nonword,no,kez,vosk,no,true,705,false
WN630Q,desktop,2026-09-03T21:08:31.082Z,12,false,associated,yes,cup,saucer,yes,true,592,false
WN630Q,desktop,2026-09-03T21:08:31.082Z,13,false,nonword,no,thumber,trell,no,true,974,false
WN630Q,desktop,2026-09-03T21:08:31.082Z,14,false,nonword,no,yellow,darp,no,true,768,false
WN630Q,desktop,2026-09-03T21:08:31.082Z,15,false,nonword,no,wab,monkey,no,true,705,false
WN630Q,desktop,2026-09-03T21:08:31.082Z,16,false,nonword,no,chaif,basket,no,true,781,false
WN630Q,desktop,2026-09-03T21:08:31.082Z,17,false,associated,yes,thunder,lightning,yes,true,896,false
WN630Q,desktop,2026-09-03T21:08:31.082Z,18,false,unassociated,yes,cat,queen,yes,true,570,false
WN630Q,desktop,2026-09-03T21:08:31.082Z,19,false,unassociated,yes,doctor,web,yes,true,851,false
WN630Q,desktop,2026-09-03T21:08:31.082Z,20,false,nonword,no,blick,engine,no,true,1169,false
WN630Q,desktop,2026-09-03T21:08:31.082Z,21,false,unassociated,yes,hot,fork,yes,true,1010,false
WN630Q,desktop,2026-09-03T21:08:31.082Z,22,false,associated,yes,table,chair,yes,true,565,false
WN630Q,desktop,2026-09-03T21:08:31.082Z,23,false,unassociated,yes,knife,girl,yes,true,970,false
WN630Q,desktop,2026-09-03T21:08:31.082Z,24,false,nonword,no,planet,crade,no,true,881,false
WN630Q,desktop,2026-09-03T21:08:31.082Z,25,false,nonword,no,carpet,pelper,yes,false,1159,false
WN630Q,desktop,2026-09-03T21:08:31.082Z,26,false,unassociated,yes,black,sock,yes,true,824,false
WN630Q,desktop,2026-09-03T21:08:31.082Z,27,false,associated,yes,bread,butter,yes,true,816,false
WN630Q,desktop,2026-09-03T21:08:31.082Z,28,false,unassociated,yes,salt,dog,yes,true,637,false
WN630Q,desktop,2026-09-03T21:08:31.082Z,29,false,unassociated,yes,king,pepper,yes,true,933,false
WN630Q,desktop,2026-09-03T21:08:31.082Z,30,false,nonword,no,moin,letter,no,true,788,false
WN630Q,desktop,2026-09-03T21:08:31.082Z,31,false,associated,yes,bride,groom,yes,true,867,false
WN630Q,desktop,2026-09-03T21:08:31.082Z,32,false,associated,yes,hand,foot,yes,true,628,false
WN630Q,desktop,2026-09-03T21:08:31.082Z,33,false,nonword,no,pillow,nammer,yes,false,673,false
WN630Q,desktop,2026-09-03T21:08:31.082Z,34,false,associated,yes,mother,father,yes,true,596,false
WN630Q,desktop,2026-09-03T21:08:31.082Z,35,false,unassociated,yes,shoe,cold,yes,true,812,false
WN630Q,desktop,2026-09-03T21:08:31.082Z,36,false,unassociated,yes,boy,white,yes,true,715,false
WN630Q,desktop,2026-09-03T21:08:31.082Z,37,false,nonword,no,sturn,wibe,yes,false,833,false
WN630Q,desktop,2026-09-03T21:08:31.082Z,38,false,nonword,no,naight,hant,yes,false,954,false
WN630Q,desktop,2026-09-03T21:08:31.082Z,39,false,associated,yes,pen,paper,yes,true,737,false
WN630Q,desktop,2026-09-03T21:08:31.082Z,40,false,nonword,no,brend,window,no,true,1042,false
WN630Q,desktop,2026-09-03T21:08:31.082Z,41,false,nonword,no,pencil,graib,no,true,820,false
WN630Q,desktop,2026-09-03T21:08:31.082Z,42,false,nonword,no,borl,dinner,no,true,818,false
WN630Q,desktop,2026-09-03T21:08:31.082Z,43,false,associated,yes,husband,wife,yes,true,607,false
WN630Q,desktop,2026-09-03T21:08:31.082Z,44,false,nonword,no,groop,scok,no,true,1073,false
WN630Q,desktop,2026-09-03T21:08:31.082Z,45,false,nonword,no,plome,candle,no,true,955,false
WN630Q,desktop,2026-09-03T21:08:31.082Z,46,false,nonword,no,garden,fonk,no,true,799,false
WN630Q,desktop,2026-09-03T21:08:31.082Z,47,false,unassociated,yes,hammer,moon,yes,true,863,false
WN630Q,desktop,2026-09-03T21:08:31.082Z,48,false,unassociated,yes,sun,nail,yes,true,1046,false
WN630Q,desktop,2026-09-03T21:08:31.082Z,49,false,nonword,no,tunnel,threed,no,true,995,false
WN630Q,desktop,2026-09-03T21:08:31.082Z,50,false,nonword,no,quing,flim,no,true,896,false
WN630Q,desktop,2026-09-03T21:08:31.082Z,51,false,nonword,no,cald,mether,no,true,885,false
WN630Q,desktop,2026-09-03T21:08:31.082Z,52,false,nonword,no,dorg,forest,no,true,618,false
WN630Q,desktop,2026-09-03T21:08:31.082Z,53,false,associated,yes,lock,key,yes,true,633,false
WN630Q,desktop,2026-09-03T21:08:31.082Z,54,false,unassociated,yes,spider,nurse,yes,true,662,false
WOUAPE,desktop,2026-09-03T21:09:05.873Z,1,true,associated,yes,north,south,yes,true,1096,false
WOUAPE,desktop,2026-09-03T21:09:05.873Z,2,true,unassociated,yes,apple,door,no,false,646,false
WOUAPE,desktop,2026-09-03T21:09:05.873Z,3,true,associated,yes,coffee,tea,yes,true,1024,false
WOUAPE,desktop,2026-09-03T21:09:05.873Z,4,true,unassociated,yes,shirt,river,yes,true,1491,false
WOUAPE,desktop,2026-09-03T21:09:05.873Z,5,true,nonword,no,lamp,gorp,no,true,1000,false
WOUAPE,desktop,2026-09-03T21:09:05.873Z,6,true,nonword,no,trink,house,no,true,1062,false
WOUAPE,desktop,2026-09-03T21:09:05.873Z,7,false,nonword,no,thumber,graib,no,true,1402,false
WOUAPE,desktop,2026-09-03T21:09:05.873Z,8,false,nonword,no,hant,scok,yes,false,826,false
WOUAPE,desktop,2026-09-03T21:09:05.873Z,9,false,unassociated,yes,day,wife,yes,true,854,false
WOUAPE,desktop,2026-09-03T21:09:05.873Z,10,false,nonword,no,pencil,vosk,no,true,691,true
WOUAPE,desktop,2026-09-03T21:09:05.873Z,11,false,unassociated,yes,cup,nurse,yes,true,690,false
WOUAPE,desktop,2026-09-03T21:09:05.873Z,12,false,unassociated,yes,doctor,thread,yes,true,1075,false
WOUAPE,desktop,2026-09-03T21:09:05.873Z,13,false,nonword,no,blick,flim,no,true,939,false
WOUAPE,desktop,2026-09-03T21:09:05.873Z,14,false,unassociated,yes,knife,pepper,yes,true,505,false
WOUAPE,desktop,2026-09-03T21:09:05.873Z,15,false,associated,yes,hammer,nail,yes,true,1012,false
WOUAPE,desktop,2026-09-03T21:09:05.873Z,16,false,nonword,no,ladder,nammer,no,true,806,false
WOUAPE,desktop,2026-09-03T21:09:05.873Z,17,false,unassociated,yes,king,night,yes,true,771,false
WOUAPE,desktop,2026-09-03T21:09:05.873Z,18,false,nonword,no,yellow,kez,no,true,789,false
WOUAPE,desktop,2026-09-03T21:09:05.873Z,19,false,unassociated,yes,needle,cold,yes,true,843,false
WOUAPE,desktop,2026-09-03T21:09:05.873Z,20,false,associated,yes,bread,butter,yes,true,1145,false
WOUAPE,desktop,2026-09-03T21:09:05.873Z,21,false,unassociated,yes,boy,white,yes,true,781,false
WOUAPE,desktop,2026-09-03T21:09:05.873Z,22,false,unassociated,yes,hot,saucer,yes,true,766,false
WOUAPE,desktop,2026-09-03T21:09:05.873Z,23,false,associated,yes,bride,groom,yes,true,838,false
WOUAPE,desktop,2026-09-03T21:09:05.873Z,24,false,associated,yes,pen,paper,yes,true,882,false
WOUAPE,desktop,2026-09-03T21:09:05.873Z,25,false,nonword,no,chaif,plome,no,true,913,false
WOUAPE,desktop,2026-09-03T21:09:05.873Z,26,false,nonword,no,market,mether,no,true,681,false
WOUAPE,desktop,2026-09-03T21:09:05.873Z,27,false,nonword,no,garden,borl,no,true,738,false
WOUAPE,desktop,2026-09-03T21:09:05.873Z,28,false,nonword,no,threed,tunnel,no,true,931,false
WOUAPE,desktop,2026-09-03T21:09:05.873Z,29,false,associated,yes,mother,father,yes,true,935,false
WOUAPE,desktop,2026-09-03T21:09:05.873Z,30,false,nonword,no,narse,dorg,yes,false,1492,false
WOUAPE,desktop,2026-09-03T21:09:05.873Z,31,false,nonword,no,window,wibe,no,true,873,false
WOUAPE,desktop,2026-09-03T21:09:05.873Z,32,false,nonword,no,paner,basket,no,true,771,false
WOUAPE,desktop,2026-09-03T21:09:05.873Z,33,false,nonword,no,sturn,pelper,no,true,798,false
WOUAPE,desktop,2026-09-03T21:09:05.873Z,34,false,unassociated,yes,husband,queen,yes,true,757,false
WOUAPE,desktop,2026-09-03T21:09:05.873Z,35,false,nonword,no,saucel,music,no,true,935,false
WOUAPE,desktop,2026-09-03T21:09:05.873Z,36,false,nonword,no,groop,brend,no,true,1328,false
WOUAPE,desktop,2026-09-03T21:09:05.873Z,37,false,nonword,no,trell,bottle,no,true,689,false
WOUAPE,desktop,2026-09-03T21:09:05.873Z,38,false,nonword,no,wab,monkey,no,true,760,false
WOUAPE,desktop,2026-09-03T21:09:05.873Z,39,false,unassociated,yes,salt,girl,yes,true,679,false
WOUAPE,desktop,2026-09-03T21:09:05.873Z,40,false,nonword,no,fonk,candle,no,true,880,false
WOUAPE,desktop,2026-09-03T21:09:05.873Z,41,false,associated,yes,hand,foot,yes,true,901,false
WOUAPE,desktop,2026-09-03T21:09:05.873Z,42,false,associated,yes,spider,web,no,false,104,false
WOUAPE,desktop,2026-09-03T21:09:05.873Z,43,false,associated,yes,table,chair,yes,true,743,false
WOUAPE,desktop,2026-09-03T21:09:05.873Z,44,false,associated,yes,sun,moon,yes,true,585,false
WOUAPE,desktop,2026-09-03T21:09:05.873Z,45,false,associated,yes,lock,key,yes,true,698,false
WOUAPE,desktop,2026-09-03T21:09:05.873Z,46,false,associated,yes,shoe,sock,yes,true,646,false
WOUAPE,desktop,2026-09-03T21:09:05.873Z,47,false,nonword,no,carpet,moin,no,true,952,false
WOUAPE,desktop,2026-09-03T21:09:05.873Z,48,false,associated,yes,cat,dog,yes,true,576,false
WOUAPE,desktop,2026-09-03T21:09:05.873Z,49,false,nonword,no,naight,forest,no,true,924,false
WOUAPE,desktop,2026-09-03T21:09:05.873Z,50,false,nonword,no,cald,dinner,no,true,748,false
WOUAPE,desktop,2026-09-03T21:09:05.873Z,51,false,nonword,no,pillow,crade,no,true,805,false
WOUAPE,desktop,2026-09-03T21:09:05.873Z,52,false,nonword,no,darp,quing,yes,false,959,false
WOUAPE,desktop,2026-09-03T21:09:05.873Z,53,false,unassociated,yes,black,lightning,yes,true,935,false
WOUAPE,desktop,2026-09-03T21:09:05.873Z,54,false,unassociated,yes,thunder,fork,no,false,786,false
XPVCTD,desktop,2026-09-03T21:10:48.323Z,1,true,nonword,no,lamp,gorp,no,true,826,false
XPVCTD,desktop,2026-09-03T21:10:48.323Z,2,true,nonword,no,trink,house,no,true,900,false
XPVCTD,desktop,2026-09-03T21:10:48.323Z,3,true,associated,yes,coffee,tea,yes,true,522,false
XPVCTD,desktop,2026-09-03T21:10:48.323Z,4,true,unassociated,yes,apple,door,yes,true,876,false
XPVCTD,desktop,2026-09-03T21:10:48.323Z,5,true,unassociated,yes,shirt,river,yes,true,857,false
XPVCTD,desktop,2026-09-03T21:10:48.323Z,6,true,associated,yes,north,south,yes,true,820,false
XPVCTD,desktop,2026-09-03T21:10:48.323Z,7,false,nonword,no,wallet,flim,no,true,976,false
XPVCTD,desktop,2026-09-03T21:10:48.323Z,8,false,nonword,no,sturn,forest,no,true,910,false
XPVCTD,desktop,2026-09-03T21:10:48.323Z,9,false,nonword,no,hant,velvet,no,true,1024,false
XPVCTD,desktop,2026-09-03T21:10:48.323Z,10,false,associated,yes,bride,groom,yes,true,779,false
XPVCTD,desktop,2026-09-03T21:10:48.323Z,11,false,unassociated,yes,doctor,paper,yes,true,760,false
XPVCTD,desktop,2026-09-03T21:10:48.323Z,12,false,associated,yes,shoe,sock,yes,true,706,false
XPVCTD,desktop,2026-09-03T21:10:48.323Z,13,false,nonword,no,paner,music,no,true,853,false
XPVCTD,desktop,2026-09-03T21:10:48.323Z,14,false,unassociated,yes,hand,nurse,yes,true,914,false
XPVCTD,desktop,2026-09-03T21:10:48.323Z,15,false,associated,yes,cat,dog,yes,true,910,false
XPVCTD,desktop,2026-09-03T21:10:48.323Z,16,false,associated,yes,bread,butter,yes,true,952,false
XPVCTD,desktop,2026-09-03T21:10:48.323Z,17,false,associated,yes,hammer,nail,yes,true,776,true
XPVCTD,desktop,2026-09-03T21:10:48.323Z,18,false,nonword,no,candle,moin,no,true,692,false
XPVCTD,desktop,2026-09-03T21:10:48.323Z,19,false,nonword,no,naight,kez,no,true,983,false
XPVCTD,desktop,2026-09-03T21:10:48.323Z,20,false,associated,yes,thunder,lightning,yes,true,909,false
XPVCTD,desktop,2026-09-03T21:10:48.323Z,21,false,associated,yes,needle,thread,yes,true,954,false
XPVCTD,desktop,2026-09-03T21:10:48.323Z,22,false,unassociated,yes,table,key,yes,true,1190,false
XPVCTD,desktop,2026-09-03T21:10:48.323Z,23,false,associated,yes,spider,web,yes,true,706,false
XPVCTD,desktop,2026-09-03T21:10:48.323Z,24,false,nonword,no,monkey,scok,yes,false,1195,false
XPVCTD,desktop,2026-09-03T21:10:48.323Z,25,false,unassociated,yes,mother,night,yes,true,1032,false
XPVCTD,desktop,2026-09-03T21:10:48.323Z,26,false,unassociated,yes,sun,chair,yes,true,804,false
XPVCTD,desktop,2026-09-03T21:10:48.323Z,27,false,nonword,no,saucel,mether,no,true,963,false
XPVCTD,desktop,2026-09-03T21:10:48.323Z,28,false,unassociated,yes,day,saucer,yes,true,1081,false
XPVCTD,desktop,2026-09-03T21:10:48.323Z,29,false,nonword,no,market,wab,no,true,731,false
XPVCTD,desktop,2026-09-03T21:10:48.323Z,30,false,unassociated,yes,cup,moon,yes,true,882,false
XPVCTD,desktop,2026-09-03T21:10:48.323Z,31,false,nonword,no,carpet,vosk,no,true,861,false
XPVCTD,desktop,2026-09-03T21:10:48.323Z,32,false,nonword,no,bottle,brend,no,true,699,false
XPVCTD,desktop,2026-09-03T21:10:48.323Z,33,false,nonword,no,narse,threed,no,true,666,false
XPVCTD,desktop,2026-09-03T21:10:48.323Z,34,false,nonword,no,pelper,engine,no,true,940,false
XPVCTD,desktop,2026-09-03T21:10:48.323Z,35,false,associated,yes,boy,girl,yes,true,530,false
XPVCTD,desktop,2026-09-03T21:10:48.323Z,36,false,nonword,no,cald,crade,no,true,1201,false
XPVCTD,desktop,2026-09-03T21:10:48.323Z,37,false,associated,yes,hot,cold,yes,true,872,false
XPVCTD,desktop,2026-09-03T21:10:48.323Z,38,false,nonword,no,groop,quing,no,true,837,false
XPVCTD,desktop,2026-09-03T21:10:48.323Z,39,false,associated,yes,black,white,yes,true,906,false
XPVCTD,desktop,2026-09-03T21:10:48.323Z,40,false,nonword,no,nammer,fonk,no,true,880,false
XPVCTD,desktop,2026-09-03T21:10:48.323Z,41,false,nonword,no,darp,dorg,no,true,1031,false
XPVCTD,desktop,2026-09-03T21:10:48.323Z,42,false,unassociated,yes,lock,wife,yes,true,971,false
XPVCTD,desktop,2026-09-03T21:10:48.323Z,43,false,unassociated,yes,king,father,yes,true,982,false
XPVCTD,desktop,2026-09-03T21:10:48.323Z,44,false,nonword,no,thumber,pencil,no,true,744,false
XPVCTD,desktop,2026-09-03T21:10:48.323Z,45,false,nonword,no,silver,graib,no,true,751,false
XPVCTD,desktop,2026-09-03T21:10:48.323Z,46,false,nonword,no,borl,wibe,no,true,708,true
XPVCTD,desktop,2026-09-03T21:10:48.323Z,47,false,unassociated,yes,salt,queen,yes,true,863,false
XPVCTD,desktop,2026-09-03T21:10:48.323Z,48,false,nonword,no,garden,trell,no,true,908,false
XPVCTD,desktop,2026-09-03T21:10:48.323Z,49,false,nonword,no,chaif,letter,no,true,1071,false
XPVCTD,desktop,2026-09-03T21:10:48.323Z,50,false,nonword,no,blick,yellow,no,true,841,false
XPVCTD,desktop,2026-09-03T21:10:48.323Z,51,false,unassociated,yes,husband,foot,yes,true,725,false
XPVCTD,desktop,2026-09-03T21:10:48.323Z,52,false,nonword,no,plome,pillow,no,true,681,false
XPVCTD,desktop,2026-09-03T21:10:48.323Z,53,false,associated,yes,knife,fork,yes,true,962,false
XPVCTD,desktop,2026-09-03T21:10:48.323Z,54,false,unassociated,yes,pen,pepper,yes,true,824,false
YAHL8G,touch,2026-09-03T21:11:15.702Z,1,true,nonword,no,lamp,gorp,yes,false,808,false
YAHL8G,touch,2026-09-03T21:11:15.702Z,2,true,unassociated,yes,apple,door,yes,true,747,false
YAHL8G,touch,2026-09-03T21:11:15.702Z,3,true,nonword,no,trink,house,no,true,1295,false
YAHL8G,touch,2026-09-03T21:11:15.702Z,4,true,associated,yes,north,south,yes,true,811,false
YAHL8G,touch,2026-09-03T21:11:15.702Z,5,true,associated,yes,coffee,tea,yes,true,1276,false
YAHL8G,touch,2026-09-03T21:11:15.702Z,6,true,unassociated,yes,shirt,river,yes,true,954,true
YAHL8G,touch,2026-09-03T21:11:15.702Z,7,false,unassociated,yes,king,wife,no,false,940,false
YAHL8G,touch,2026-09-03T21:11:15.702Z,8,false,associated,yes,cat,dog,yes,true,924,false
YAHL8G,touch,2026-09-03T21:11:15.702Z,9,false,associated,yes,table,chair,yes,true,893,false
YAHL8G,touch,2026-09-03T21:11:15.702Z,10,false,nonword,no,cald,dinner,no,true,1002,false
YAHL8G,touch,2026-09-03T21:11:15.702Z,11,false,nonword,no,dorg,crade,no,true,833,false
YAHL8G,touch,2026-09-03T21:11:15.702Z,12,false,nonword,no,pelper,wab,no,true,1080,false
YAHL8G,touch,2026-09-03T21:11:15.702Z,13,false,nonword,no,saucel,velvet,no,true,980,false
YAHL8G,touch,2026-09-03T21:11:15.702Z,14,false,nonword,no,hant,candle,no,true,1057,false
YAHL8G,touch,2026-09-03T21:11:15.702Z,15,false,nonword,no,graib,music,no,true,1102,false
YAHL8G,touch,2026-09-03T21:11:15.702Z,16,false,nonword,no,wibe,quing,no,true,1184,false
YAHL8G,touch,2026-09-03T21:11:15.702Z,17,false,associated,yes,salt,pepper,yes,true,827,false
YAHL8G,touch,2026-09-03T21:11:15.702Z,18,false,nonword,no,naight,scok,no,true,1008,false
YAHL8G,touch,2026-09-03T21:11:15.702Z,19,false,nonword,no,forest,flim,no,true,1105,false
YAHL8G,touch,2026-09-03T21:11:15.702Z,20,false,unassociated,yes,day,moon,yes,true,863,false
YAHL8G,touch,2026-09-03T21:11:15.702Z,21,false,unassociated,yes,pen,foot,yes,true,1130,false
YAHL8G,touch,2026-09-03T21:11:15.702Z,22,false,unassociated,yes,husband,sock,yes,true,1186,false
YAHL8G,touch,2026-09-03T21:11:15.702Z,23,false,nonword,no,kez,plome,no,true,1007,false
YAHL8G,touch,2026-09-03T21:11:15.702Z,24,false,nonword,no,darp,carpet,no,true,942,false
YAHL8G,touch,2026-09-03T21:11:15.702Z,25,false,associated,yes,spider,web,yes,true,1085,false
YAHL8G,touch,2026-09-03T21:11:15.702Z,26,false,nonword,no,threed,basket,no,true,1073,false
YAHL8G,touch,2026-09-03T21:11:15.702Z,27,false,unassociated,yes,shoe,butter,yes,true,1044,false
YAHL8G,touch,2026-09-03T21:11:15.702Z,28,false,associated,yes,mother,father,yes,true,1003,false
YAHL8G,touch,2026-09-03T21:11:15.702Z,29,false,associated,yes,hot,cold,yes,true,1131,false
YAHL8G,touch,2026-09-03T21:11:15.702Z,30,false,unassociated,yes,thunder,nail,yes,true,1400,false
YAHL8G,touch,2026-09-03T21:11:15.702Z,31,false,unassociated,yes,knife,lightning,yes,true,916,true
YAHL8G,touch,2026-09-03T21:11:15.702Z,32,false,unassociated,yes,bread,fork,yes,true,5807,false
YAHL8G,touch,2026-09-03T21:11:15.702Z,33,false,nonword,no,mether,paner,no,true,1012,false
YAHL8G,touch,2026-09-03T21:11:15.702Z,34,false,associated,yes,needle,thread,yes,true,837,false
YAHL8G,touch,2026-09-03T21:11:15.702Z,35,false,nonword,no,blick,window,no,true,1007,false
YAHL8G,touch,2026-09-03T21:11:15.702Z,36,false,unassociated,yes,hand,saucer,yes,true,1054,false
YAHL8G,touch,2026-09-03T21:11:15.702Z,37,false,nonword,no,letter,trell,no,true,933,false
YAHL8G,touch,2026-09-03T21:11:15.702Z,38,false,nonword,no,wallet,borl,no,true,897,false
YAHL8G,touch,2026-09-03T21:11:15.702Z,39,false,nonword,no,rocket,chaif,no,true,1098,false
YAHL8G,touch,2026-09-03T21:11:15.702Z,40,false,nonword,no,fonk,sturn,no,true,1209,false
YAHL8G,touch,2026-09-03T21:11:15.702Z,41,false,associated,yes,bride,groom,yes,true,793,false
YAHL8G,touch,2026-09-03T21:11:15.702Z,42,false,nonword,no,silver,vosk,no,true,976,false
YAHL8G,touch,2026-09-03T21:11:15.702Z,43,false,associated,yes,boy,girl,yes,true,550,false
YAHL8G,touch,2026-09-03T21:11:15.702Z,44,false,nonword,no,narse,engine,no,true,993,false
YAHL8G,touch,2026-09-03T21:11:15.702Z,45,false,unassociated,yes,cup,paper,yes,true,1024,false
YAHL8G,touch,2026-09-03T21:11:15.702Z,46,false,nonword,no,ladder,moin,no,true,1025,false
YAHL8G,touch,2026-09-03T21:11:15.702Z,47,false,unassociated,yes,hammer,night,yes,true,924,false
YAHL8G,touch,2026-09-03T21:11:15.702Z,48,false,nonword,no,garden,thumber,no,true,818,false
YAHL8G,touch,2026-09-03T21:11:15.702Z,49,false,associated,yes,doctor,nurse,yes,true,966,false
YAHL8G,touch,2026-09-03T21:11:15.702Z,50,false,nonword,no,tunnel,brend,no,true,889,false
YAHL8G,touch,2026-09-03T21:11:15.702Z,51,false,nonword,no,groop,nammer,no,true,963,false
YAHL8G,touch,2026-09-03T21:11:15.702Z,52,false,associated,yes,black,white,yes,true,1157,false
YAHL8G,touch,2026-09-03T21:11:15.702Z,53,false,unassociated,yes,sun,queen,yes,true,779,false
YAHL8G,touch,2026-09-03T21:11:15.702Z,54,false,associated,yes,lock,key,yes,true,992,false
YCHLK3,desktop,2026-09-03T21:12:42.575Z,1,true,unassociated,yes,apple,door,yes,true,794,false
YCHLK3,desktop,2026-09-03T21:12:42.575Z,2,true,nonword,no,trink,house,no,true,738,false
YCHLK3,desktop,2026-09-03T21:12:42.575Z,3,true,nonword,no,lamp,gorp,no,true,847,false
YCHLK3,desktop,2026-09-03T21:12:42.575Z,4,true,associated,yes,north,south,yes,true,565,false
YCHLK3,desktop,2026-09-03T21:12:42.575Z,5,true,unassociated,yes,shirt,river,yes,true,785,false
YCHLK3,desktop,2026-09-03T21:12:42.575Z,6,true,associated,yes,coffee,tea,yes,true,940,false
YCHLK3,desktop,2026-09-03T21:12:42.575Z,7,false,unassociated,yes,table,cold,no,false,688,false
YCHLK3,desktop,2026-09-03T21:12:42.575Z,8,false,associated,yes,lock,key,no,false,112,false
YCHLK3,desktop,2026-09-03T21:12:42.575Z,9,false,nonword,no,borl,wibe,no,true,703,false
YCHLK3,desktop,2026-09-03T21:12:42.575Z,10,false,nonword,no,naight,pillow,no,true,689,false
YCHLK3,desktop,2026-09-03T21:12:42.575Z,11,false,unassociated,yes,thunder,groom,yes,true,635,false
YCHLK3,desktop,2026-09-03T21:12:42.575Z,12,false,unassociated,yes,hand,butter,yes,true,791,false
YCHLK3,desktop,2026-09-03T21:12:42.575Z,13,false,unassociated,yes,boy,paper,yes,true,819,false
YCHLK3,desktop,2026-09-03T21:12:42.575Z,14,false,unassociated,yes,day,foot,no,false,148,true
YCHLK3,desktop,2026-09-03T21:12:42.575Z,15,false,nonword,no,cald,nammer,no,true,533,false
YCHLK3,desktop,2026-09-03T21:12:42.575Z,16,false,associated,yes,cup,saucer,yes,true,667,false
YCHLK3,desktop,2026-09-03T21:12:42.575Z,17,false,unassociated,yes,black,night,yes,true,645,false
YCHLK3,desktop,2026-09-03T21:12:42.575Z,18,false,nonword,no,velvet,plome,no,true,784,false
YCHLK3,desktop,2026-09-03T21:12:42.575Z,19,false,associated,yes,hammer,nail,yes,true,772,false
YCHLK3,desktop,2026-09-03T21:12:42.575Z,20,false,unassociated,yes,bread,thread,yes,true,820,false
YCHLK3,desktop,2026-09-03T21:12:42.575Z,21,false,nonword,no,ladder,moin,no,true,793,false
YCHLK3,desktop,2026-09-03T21:12:42.575Z,22,false,nonword,no,thumber,forest,no,true,567,false
YCHLK3,desktop,2026-09-03T21:12:42.575Z,23,false,nonword,no,kez,window,no,true,714,false
YCHLK3,desktop,2026-09-03T21:12:42.575Z,24,false,nonword,no,graib,vosk,no,true,716,false
YCHLK3,desktop,2026-09-03T21:12:42.575Z,25,false,nonword,no,chaif,music,no,true,587,false
YCHLK3,desktop,2026-09-03T21:12:42.575Z,26,false,nonword,no,scok,saucel,no,true,641,false
YCHLK3,desktop,2026-09-03T21:12:42.575Z,27,false,nonword,no,mether,darp,no,true,1010,false
YCHLK3,desktop,2026-09-03T21:12:42.575Z,28,false,unassociated,yes,pen,lightning,yes,true,669,false
YCHLK3,desktop,2026-09-03T21:12:42.575Z,29,false,nonword,no,jacket,hant,yes,false,883,false
YCHLK3,desktop,2026-09-03T21:12:42.575Z,30,false,unassociated,yes,needle,girl,yes,true,634,false
YCHLK3,desktop,2026-09-03T21:12:42.575Z,31,false,nonword,no,crade,brend,no,true,782,false
YCHLK3,desktop,2026-09-03T21:12:42.575Z,32,false,associated,yes,sun,moon,yes,true,518,false
YCHLK3,desktop,2026-09-03T21:12:42.575Z,33,false,nonword,no,groop,candle,no,true,886,false
YCHLK3,desktop,2026-09-03T21:12:42.575Z,34,false,unassociated,yes,hot,fork,yes,true,536,false
YCHLK3,desktop,2026-09-03T21:12:42.575Z,35,false,nonword,no,monkey,fonk,no,true,175,false
YCHLK3,desktop,2026-09-03T21:12:42.575Z,36,false,nonword,no,engine,pelper,no,true,845,false
YCHLK3,desktop,2026-09-03T21:12:42.575Z,37,false,unassociated,yes,bride,white,yes,true,729,false
YCHLK3,desktop,2026-09-03T21:12:42.575Z,38,false,associated,yes,mother,father,yes,true,519,false
YCHLK3,desktop,2026-09-03T21:12:42.575Z,39,false,associated,yes,shoe,sock,yes,true,529,false
YCHLK3,desktop,2026-09-03T21:12:42.575Z,40,false,associated,yes,salt,pepper,yes,true,735,false
YCHLK3,desktop,2026-09-03T21:12:42.575Z,41,false,nonword,no,dorg,pencil,no,true,599,false
YCHLK3,desktop,2026-09-03T21:12:42.575Z,42,false,nonword,no,letter,threed,no,true,1270,false
YCHLK3,desktop,2026-09-03T21:12:42.575Z,43,false,associated,yes,king,queen,yes,true,559,false
YCHLK3,desktop,2026-09-03T21:12:42.575Z,44,false,nonword,no,paner,bottle,no,true,721,false
YCHLK3,desktop,2026-09-03T21:12:42.575Z,45,false,nonword,no,sturn,wallet,no,true,646,false
YCHLK3,desktop,2026-09-03T21:12:42.575Z,46,false,nonword,no,carpet,wab,no,true,744,false
YCHLK3,desktop,2026-09-03T21:12:42.575Z,47,false,associated,yes,cat,dog,yes,true,577,false
YCHLK3,desktop,2026-09-03T21:12:42.575Z,48,false,associated,yes,doctor,nurse,yes,true,4716,false
YCHLK3,desktop,2026-09-03T21:12:42.575Z,49,false,nonword,no,blick,narse,no,true,726,false
YCHLK3,desktop,2026-09-03T21:12:42.575Z,50,false,nonword,no,market,quing,no,true,937,false
YCHLK3,desktop,2026-09-03T21:12:42.575Z,51,false,associated,yes,husband,wife,yes,true,482,false
YCHLK3,desktop,2026-09-03T21:12:42.575Z,52,false,associated,yes,spider,web,yes,true,664,false
YCHLK3,desktop,2026-09-03T21:12:42.575Z,53,false,nonword,no,trell,flim,no,true,550,false
YCHLK3,desktop,2026-09-03T21:12:42.575Z,54,false,unassociated,yes,knife,chair,yes,true,765,false
